const unsigned char selecte[] = {
0x52, 0x49, 0x46, 0x46, 0xEA, 0x52, 0x00, 0x00, 0x57, 0x41, 0x56, 0x45, 0x66, 0x6D, 0x74, 0x20, 
0x10, 0x00, 0x00, 0x00, 0x01, 0x00, 0x02, 0x00, 0x80, 0x3E, 0x00, 0x00, 0x00, 0xFA, 0x00, 0x00, 
0x04, 0x00, 0x10, 0x00, 0x64, 0x61, 0x74, 0x61, 0x10, 0x52, 0x00, 0x00, 0x0E, 0xF8, 0x0F, 0xF8, 
0x10, 0xF8, 0x0D, 0xF8, 0x0D, 0xF8, 0x10, 0xF8, 0x10, 0xF8, 0xFF, 0xFF, 0x0D, 0xF8, 0x10, 0xF8, 
0x0F, 0xF8, 0xFE, 0xFF, 0x0F, 0xF8, 0x10, 0xF8, 0x0D, 0xF8, 0xFF, 0xFF, 0x11, 0xF8, 0x0E, 0xF8, 
0x0B, 0xF8, 0x02, 0x00, 0x13, 0xF8, 0x0D, 0xF8, 0x09, 0xF8, 0x0E, 0xF8, 0x13, 0xF8, 0x11, 0xF8, 
0x0C, 0xF8, 0x0B, 0xF8, 0x10, 0xF8, 0x12, 0xF8, 0x0E, 0xF8, 0x0B, 0xF8, 0xFF, 0xFF, 0x12, 0xF8, 
0x10, 0xF8, 0xFD, 0xFF, 0x0E, 0xF8, 0x11, 0xF8, 0x0F, 0xF8, 0x0D, 0xF8, 0x0F, 0xF8, 0x0F, 0xF8, 
0xFF, 0xFF, 0x00, 0x00, 0x0E, 0xF8, 0x01, 0x00, 0x02, 0x00, 0xFE, 0xFF, 0x0C, 0xF8, 0x02, 0x00, 
0x04, 0x00, 0xFE, 0xFF, 0x0B, 0xF8, 0x02, 0x00, 0x10, 0xF8, 0x0D, 0xF8, 0x0D, 0xF8, 0x01, 0x00, 
0x02, 0x00, 0x0E, 0xF8, 0x0D, 0xF8, 0xFF, 0xFF, 0x10, 0xF8, 0x11, 0xF8, 0x0D, 0xF8, 0xFD, 0xFF, 
0x00, 0x00, 0x12, 0xF8, 0x02, 0x00, 0xFC, 0xFF, 0xFE, 0xFF, 0x12, 0xF8, 0x0F, 0xF8, 0xFD, 0xFF, 
0x01, 0x00, 0x12, 0xF8, 0xFE, 0xFF, 0xFD, 0xFF, 0x02, 0x00, 0x02, 0x00, 0xFF, 0xFF, 0xFE, 0xFF, 
0x00, 0x00, 0x02, 0x00, 0x01, 0x00, 0xFE, 0xFF, 0xFE, 0xFF, 0x12, 0xF8, 0x11, 0xF8, 0xFC, 0xFF, 
0xFE, 0xFF, 0x11, 0xF8, 0x01, 0x00, 0xFF, 0xFF, 0x0E, 0xF8, 0x0E, 0xF8, 0x00, 0x00, 0x11, 0xF8, 
0x0F, 0xF8, 0x0C, 0xF8, 0x00, 0x00, 0x01, 0x00, 0x0E, 0xF8, 0x0F, 0xF8, 0x0F, 0xF8, 0xFE, 0xFF, 
0x0D, 0xF8, 0x12, 0xF8, 0x03, 0x00, 0xFB, 0xFF, 0xFD, 0xFF, 0x06, 0x00, 0x11, 0xF8, 0x08, 0xF8, 
0xFD, 0xFF, 0x07, 0x00, 0x12, 0xF8, 0x08, 0xF8, 0x0B, 0xF8, 0x13, 0xF8, 0x12, 0xF8, 0x0C, 0xF8, 
0x0C, 0xF8, 0x10, 0xF8, 0x01, 0x00, 0xFF, 0xFF, 0x00, 0x00, 0x10, 0xF8, 0x0E, 0xF8, 0x0C, 0xF8, 
0x00, 0x00, 0x03, 0x00, 0x01, 0x00, 0xFE, 0xFF, 0x0D, 0xF8, 0x0F, 0xF8, 0x11, 0xF8, 0x0F, 0xF8, 
0x0B, 0xF8, 0x0D, 0xF8, 0x12, 0xF8, 0x02, 0x00, 0x0C, 0xF8, 0x0D, 0xF8, 0x10, 0xF8, 0x10, 0xF8, 
0x00, 0x00, 0xFE, 0xFF, 0x0E, 0xF8, 0x10, 0xF8, 0x0F, 0xF8, 0xFF, 0xFF, 0x00, 0x00, 0x0F, 0xF8, 
0x0E, 0xF8, 0x0F, 0xF8, 0x01, 0x00, 0xFF, 0xFF, 0x0D, 0xF8, 0x0F, 0xF8, 0x10, 0xF8, 0x00, 0x00, 
0x0E, 0xF8, 0x0E, 0xF8, 0x0E, 0xF8, 0x00, 0x00, 0x10, 0xF8, 0x0F, 0xF8, 0x0C, 0xF8, 0x00, 0x00, 
0x03, 0x00, 0x0F, 0xF8, 0xFD, 0xFF, 0xFE, 0xFF, 0x11, 0xF8, 0x12, 0xF8, 0xFF, 0xFF, 0xFC, 0xFF, 
0x00, 0x00, 0x12, 0xF8, 0x0E, 0xF8, 0xFE, 0xFF, 0x00, 0x00, 0x10, 0xF8, 0x10, 0xF8, 0xFF, 0xFF, 
0xFD, 0xFF, 0x10, 0xF8, 0x04, 0x00, 0xFD, 0xFF, 0xFB, 0xFF, 0x12, 0xF8, 0x05, 0x00, 0xFE, 0xFF, 
0xFC, 0xFF, 0x01, 0x00, 0x02, 0x00, 0x0E, 0xF8, 0xFF, 0xFF, 0x00, 0x00, 0x00, 0x00, 0x0E, 0xF8, 
0x02, 0x00, 0x01, 0x00, 0xFD, 0xFF, 0x00, 0x00, 0x03, 0x00, 0x00, 0x00, 0xFE, 0xFF, 0xFF, 0xFF, 
0x00, 0x00, 0x0F, 0xF8, 0x10, 0xF8, 0x01, 0x00, 0xFF, 0xFF, 0x0D, 0xF8, 0x00, 0x00, 0x01, 0x00, 
0x01, 0x00, 0x00, 0x00, 0xFE, 0xFF, 0xFF, 0xFF, 0x11, 0xF8, 0x02, 0x00, 0xFE, 0xFF, 0xFE, 0xFF, 
0x0F, 0xF8, 0x01, 0x00, 0x01, 0x00, 0x00, 0x00, 0xFE, 0xFF, 0x00, 0x00, 0x03, 0x00, 0x00, 0x00, 
0x0C, 0xF8, 0x00, 0x00, 0x01, 0x00, 0x00, 0x00, 0x0E, 0xF8, 0x00, 0x00, 0x01, 0x00, 0x00, 0x00, 
0xFF, 0xFF, 0x01, 0x00, 0x0F, 0xF8, 0xFE, 0xFF, 0x01, 0x00, 0x02, 0x00, 0xFD, 0xFF, 0x0D, 0xF8, 
0x04, 0x00, 0x00, 0x00, 0xFD, 0xFF, 0x02, 0x00, 0x01, 0x00, 0xFD, 0xFF, 0x00, 0x00, 0x03, 0x00, 
0x00, 0x00, 0xFE, 0xFF, 0x0F, 0xF8, 0x0F, 0xF8, 0xFF, 0xFF, 0x01, 0x00, 0x10, 0xF8, 0x0D, 0xF8, 
0xFE, 0xFF, 0x00, 0x00, 0x02, 0x00, 0x11, 0xF8, 0x0D, 0xF8, 0xFD, 0xFF, 0x02, 0x00, 0x11, 0xF8, 
0x0B, 0xF8, 0xFE, 0xFF, 0x04, 0x00, 0x0F, 0xF8, 0x0C, 0xF8, 0x01, 0x00, 0x01, 0x00, 0xFF, 0xFF, 
0x00, 0x00, 0x00, 0x00, 0xFF, 0xFF, 0x00, 0x00, 0x00, 0x00, 0x01, 0x00, 0x02, 0x00, 0xFE, 0xFF, 
0xFE, 0xFF, 0x03, 0x00, 0x02, 0x00, 0xFC, 0xFF, 0xFE, 0xFF, 0x04, 0x00, 0x00, 0x00, 0x0B, 0xF8, 
0x02, 0x00, 0x03, 0x00, 0x0D, 0xF8, 0x0C, 0xF8, 0x01, 0x00, 0x02, 0x00, 0x0E, 0xF8, 0x0E, 0xF8, 
0xFF, 0xFF, 0xFF, 0xFF, 0x10, 0xF8, 0x0F, 0xF8, 0x00, 0x00, 0x00, 0x00, 0x0D, 0xF8, 0x0E, 0xF8, 
0x02, 0x00, 0x02, 0x00, 0x0D, 0xF8, 0x0C, 0xF8, 0x00, 0x00, 0x02, 0x00, 0x10, 0xF8, 0xFE, 0xFF, 
0xFE, 0xFF, 0x02, 0x00, 0x10, 0xF8, 0xFF, 0xFF, 0xFF, 0xFF, 0xFF, 0xFF, 0x01, 0x00, 0x12, 0xF8, 
0x0E, 0xF8, 0xFC, 0xFF, 0x00, 0x00, 0x11, 0xF8, 0x0F, 0xF8, 0x00, 0x00, 0xFF, 0xFF, 0xFE, 0xFF, 
0x01, 0x00, 0x02, 0x00, 0xFF, 0xFF, 0x00, 0x00, 0x02, 0x00, 0xFE, 0xFF, 0xFD, 0xFF, 0x03, 0x00, 
0x03, 0x00, 0xFD, 0xFF, 0xFD, 0xFF, 0x02, 0x00, 0x12, 0xF8, 0x00, 0x00, 0xFD, 0xFF, 0xFF, 0xFF, 
0x10, 0xF8, 0x10, 0xF8, 0x00, 0x00, 0xFD, 0xFF, 0x0D, 0xF8, 0x03, 0x00, 0x03, 0x00, 0x0D, 0xF8, 
0xFC, 0xFF, 0x01, 0x00, 0x12, 0xF8, 0x0E, 0xF8, 0xFF, 0xFF, 0xFF, 0xFF, 0x0E, 0xF8, 0x0F, 0xF8, 
0x01, 0x00, 0x01, 0x00, 0xFE, 0xFF, 0x0E, 0xF8, 0x02, 0x00, 0xFF, 0xFF, 0x0E, 0xF8, 0x10, 0xF8, 
0xFF, 0xFF, 0xFE, 0xFF, 0x10, 0xF8, 0x10, 0xF8, 0x0D, 0xF8, 0x00, 0x00, 0x01, 0x00, 0x0E, 0xF8, 
0x0E, 0xF8, 0x00, 0x00, 0x0F, 0xF8, 0x10, 0xF8, 0x00, 0x00, 0x0C, 0xF8, 0x0E, 0xF8, 0x10, 0xF8, 
0x01, 0x00, 0x0F, 0xF8, 0x0D, 0xF8, 0x0D, 0xF8, 0x01, 0x00, 0x11, 0xF8, 0x10, 0xF8, 0xFE, 0xFF, 
0xFC, 0xFF, 0x0F, 0xF8, 0x14, 0xF8, 0x0E, 0xF8, 0xFA, 0xFF, 0x10, 0xF8, 0x14, 0xF8, 0x0D, 0xF8, 
0xFB, 0xFF, 0x10, 0xF8, 0x13, 0xF8, 0xFE, 0xFF, 0xFB, 0xFF, 0x10, 0xF8, 0x14, 0xF8, 0xFF, 0xFF, 
0xFB, 0xFF, 0x10, 0xF8, 0x13, 0xF8, 0xFF, 0xFF, 0x0B, 0xF8, 0x0F, 0xF8, 0x02, 0x00, 0xFF, 0xFF, 
0x0D, 0xF8, 0x0F, 0xF8, 0x02, 0x00, 0x00, 0x00, 0x0C, 0xF8, 0x0F, 0xF8, 0x03, 0x00, 0xFF, 0xFF, 
0x0C, 0xF8, 0x10, 0xF8, 0x02, 0x00, 0xFE, 0xFF, 0xFE, 0xFF, 0x11, 0xF8, 0x11, 0xF8, 0xFD, 0xFF, 
0xFD, 0xFF, 0x11, 0xF8, 0x03, 0x00, 0xFF, 0xFF, 0x0C, 0xF8, 0x0F, 0xF8, 0x02, 0x00, 0xFF, 0xFF, 
0x0D, 0xF8, 0x10, 0xF8, 0x02, 0x00, 0xFE, 0xFF, 0xFE, 0xFF, 0x11, 0xF8, 0x01, 0x00, 0xFE, 0xFF, 
0x00, 0x00, 0x0F, 0xF8, 0x00, 0x00, 0x00, 0x00, 0x00, 0x00, 0x0E, 0xF8, 0x0F, 0xF8, 0x01, 0x00, 
0xFE, 0xFF, 0x0E, 0xF8, 0x12, 0xF8, 0xFF, 0xFF, 0xFC, 0xFF, 0x02, 0x00, 0x05, 0x00, 0xFD, 0xFF, 
0x09, 0xF8, 0x11, 0xF8, 0x04, 0x00, 0xFF, 0xFF, 0x0C, 0xF8, 0x0F, 0xF8, 0x01, 0x00, 0xFF, 0xFF, 
0x01, 0x00, 0x10, 0xF8, 0xFF, 0xFF, 0xFE, 0xFF, 0x00, 0x00, 0x02, 0x00, 0x00, 0x00, 0x0D, 0xF8, 
0x00, 0x00, 0x01, 0x00, 0x0E, 0xF8, 0x00, 0x00, 0x02, 0x00, 0x0E, 0xF8, 0x0B, 0xF8, 0x01, 0x00, 
0x04, 0x00, 0x0D, 0xF8, 0x0A, 0xF8, 0x01, 0x00, 0x04, 0x00, 0x0F, 0xF8, 0xFD, 0xFF, 0xFF, 0xFF, 
0x03, 0x00, 0x01, 0x00, 0x0B, 0xF8, 0x0D, 0xF8, 0x03, 0x00, 0x10, 0xF8, 0x0C, 0xF8, 0xFF, 0xFF, 
0x03, 0x00, 0x01, 0x00, 0x0C, 0xF8, 0x0D, 0xF8, 0x02, 0x00, 0x01, 0x00, 0x0D, 0xF8, 0x0E, 0xF8, 
0x01, 0x00, 0x01, 0x00, 0xFF, 0xFF, 0xFF, 0xFF, 0x0F, 0xF8, 0x00, 0x00, 0x00, 0x00, 0x00, 0x00, 
0x00, 0x00, 0x00, 0x00, 0x0F, 0xF8, 0x0F, 0xF8, 0xFE, 0xFF, 0x00, 0x00, 0x03, 0x00, 0x0D, 0xF8, 
0x0B, 0xF8, 0x02, 0x00, 0x04, 0x00, 0x0C, 0xF8, 0xFC, 0xFF, 0x03, 0x00, 0x11, 0xF8, 0x0B, 0xF8, 
0x00, 0x00, 0x03, 0x00, 0x0D, 0xF8, 0x0D, 0xF8, 0x02, 0x00, 0xFF, 0xFF, 0xFE, 0xFF, 0x12, 0xF8, 
0x10, 0xF8, 0xFB, 0xFF, 0xFF, 0xFF, 0x14, 0xF8, 0x0F, 0xF8, 0xFB, 0xFF, 0x00, 0x00, 0x04, 0x00, 
0x00, 0x00, 0x0C, 0xF8, 0x0E, 0xF8, 0x01, 0x00, 0x01, 0x00, 0x0F, 0xF8, 0xFF, 0xFF, 0x0D, 0xF8, 
0x0F, 0xF8, 0x02, 0x00, 0x01, 0x00, 0x0D, 0xF8, 0xFD, 0xFF, 0x00, 0x00, 0x12, 0xF8, 0x01, 0x00, 
0xFE, 0xFF, 0x0E, 0xF8, 0x0F, 0xF8, 0x00, 0x00, 0x01, 0x00, 0x0F, 0xF8, 0x0C, 0xF8, 0xFF, 0xFF, 
0x03, 0x00, 0x01, 0x00, 0x0C, 0xF8, 0x0E, 0xF8, 0x01, 0x00, 0x00, 0x00, 0x0F, 0xF8, 0x0E, 0xF8, 
0xFF, 0xFF, 0x02, 0x00, 0x0F, 0xF8, 0x0B, 0xF8, 0x00, 0x00, 0x04, 0x00, 0x0E, 0xF8, 0x0B, 0xF8, 
0x01, 0x00, 0x02, 0x00, 0xFF, 0xFF, 0x0E, 0xF8, 0x0F, 0xF8, 0x00, 0x00, 0x00, 0x00, 0x00, 0x00, 
0x0F, 0xF8, 0x0F, 0xF8, 0xFF, 0xFF, 0x00, 0x00, 0x01, 0x00, 0x0D, 0xF8, 0x0D, 0xF8, 0x03, 0x00, 
0x02, 0x00, 0x0C, 0xF8, 0xFE, 0xFF, 0x01, 0x00, 0x02, 0x00, 0x00, 0x00, 0xFE, 0xFF, 0x0E, 0xF8, 
0x01, 0x00, 0x01, 0x00, 0x0E, 0xF8, 0x0D, 0xF8, 0x01, 0x00, 0x02, 0x00, 0x0D, 0xF8, 0xFD, 0xFF, 
0x03, 0x00, 0x03, 0x00, 0xFC, 0xFF, 0xFF, 0xFF, 0x03, 0x00, 0xFF, 0xFF, 0x0D, 0xF8, 0x10, 0xF8, 
0x00, 0x00, 0xFF, 0xFF, 0x10, 0xF8, 0x0F, 0xF8, 0xFE, 0xFF, 0x01, 0x00, 0x10, 0xF8, 0x0C, 0xF8, 
0x00, 0x00, 0x02, 0x00, 0x0D, 0xF8, 0x0E, 0xF8, 0x02, 0x00, 0x00, 0x00, 0x0D, 0xF8, 0x00, 0x00, 
0x00, 0x00, 0x0F, 0xF8, 0x11, 0xF8, 0xFE, 0xFF, 0xFC, 0xFF, 0x11, 0xF8, 0x13, 0xF8, 0xFE, 0xFF, 
0xFC, 0xFF, 0x0F, 0xF8, 0x11, 0xF8, 0x02, 0x00, 0xFF, 0xFF, 0x0B, 0xF8, 0x0F, 0xF8, 0x11, 0xF8, 
0x0E, 0xF8, 0xFF, 0xFF, 0x01, 0x00, 0x0E, 0xF8, 0x0D, 0xF8, 0x02, 0x00, 0x02, 0x00, 0x0C, 0xF8, 
0xFF, 0xFF, 0x02, 0x00, 0x0E, 0xF8, 0x0D, 0xF8, 0x02, 0x00, 0x02, 0x00, 0x0C, 0xF8, 0x0D, 0xF8, 
0x02, 0x00, 0x01, 0x00, 0x0E, 0xF8, 0xFF, 0xFF, 0xFF, 0xFF, 0x0F, 0xF8, 0x10, 0xF8, 0x00, 0x00, 
0xFF, 0xFF, 0x00, 0x00, 0x00, 0x00, 0x01, 0x00, 0x0F, 0xF8, 0xFE, 0xFF, 0xFF, 0xFF, 0x10, 0xF8, 
0x10, 0xF8, 0xFF, 0xFF, 0xFE, 0xFF, 0x10, 0xF8, 0x11, 0xF8, 0xFE, 0xFF, 0xFE, 0xFF, 0x02, 0x00, 
0x00, 0x00, 0x0D, 0xF8, 0x10, 0xF8, 0x00, 0x00, 0xFF, 0xFF, 0x02, 0x00, 0x0F, 0xF8, 0xFE, 0xFF, 
0x00, 0x00, 0x01, 0x00, 0x0D, 0xF8, 0xFF, 0xFF, 0x02, 0x00, 0x10, 0xF8, 0x0D, 0xF8, 0xFE, 0xFF, 
0x01, 0x00, 0x03, 0x00, 0x0D, 0xF8, 0x0C, 0xF8, 0x02, 0x00, 0x01, 0x00, 0xFE, 0xFF, 0x0F, 0xF8, 
0x01, 0x00, 0xFF, 0xFF, 0x00, 0x00, 0x01, 0x00, 0x0E, 0xF8, 0x0E, 0xF8, 0x01, 0x00, 0x00, 0x00, 
0xFE, 0xFF, 0x0F, 0xF8, 0x11, 0xF8, 0xFF, 0xFF, 0xFE, 0xFF, 0x01, 0x00, 0x10, 0xF8, 0x0E, 0xF8, 
0x00, 0x00, 0x00, 0x00, 0x0D, 0xF8, 0x0F, 0xF8, 0x02, 0x00, 0xFF, 0xFF, 0x0D, 0xF8, 0x10, 0xF8, 
0x01, 0x00, 0xFE, 0xFF, 0x0F, 0xF8, 0x11, 0xF8, 0xFF, 0xFF, 0xFE, 0xFF, 0x0F, 0xF8, 0x01, 0x00, 
0x00, 0x00, 0x0F, 0xF8, 0xFF, 0xFF, 0xFE, 0xFF, 0x11, 0xF8, 0x12, 0xF8, 0xFD, 0xFF, 0xFB, 0xFF, 
0x11, 0xF8, 0x14, 0xF8, 0xFF, 0xFF, 0xFB, 0xFF, 0x0D, 0xF8, 0x13, 0xF8, 0x02, 0x00, 0xFC, 0xFF, 
0x0D, 0xF8, 0x03, 0x00, 0x01, 0x00, 0xFD, 0xFF, 0x0F, 0xF8, 0x04, 0x00, 0xFE, 0xFF, 0xFC, 0xFF, 
0x10, 0xF8, 0x12, 0xF8, 0x00, 0x00, 0xFD, 0xFF, 0x0D, 0xF8, 0x02, 0x00, 0x02, 0x00, 0x0E, 0xF8, 
0x0D, 0xF8, 0x00, 0x00, 0x00, 0x00, 0x00, 0x00, 0x10, 0xF8, 0x00, 0x00, 0xFE, 0xFF, 0x0E, 0xF8, 
0x01, 0x00, 0x02, 0x00, 0x01, 0x00, 0x0C, 0xF8, 0xFD, 0xFF, 0x02, 0x00, 0x04, 0x00, 0x0C, 0xF8, 
0x0B, 0xF8, 0x03, 0x00, 0x03, 0x00, 0x0D, 0xF8, 0x0C, 0xF8, 0x00, 0x00, 0x02, 0x00, 0x00, 0x00, 
0x0D, 0xF8, 0x0F, 0xF8, 0x01, 0x00, 0xFF, 0xFF, 0x00, 0x00, 0x10, 0xF8, 0x0E, 0xF8, 0xFE, 0xFF, 
0x00, 0x00, 0x10, 0xF8, 0x01, 0x00, 0x00, 0x00, 0x0D, 0xF8, 0xFF, 0xFF, 0x02, 0x00, 0x10, 0xF8, 
0x0D, 0xF8, 0xFE, 0xFF, 0x00, 0x00, 0x10, 0xF8, 0x01, 0x00, 0xFF, 0xFF, 0x0E, 0xF8, 0x10, 0xF8, 
0x00, 0x00, 0xFF, 0xFF, 0x10, 0xF8, 0x0F, 0xF8, 0xFD, 0xFF, 0x00, 0x00, 0x03, 0x00, 0x0D, 0xF8, 
0xFE, 0xFF, 0x02, 0x00, 0x01, 0x00, 0x0D, 0xF8, 0x0F, 0xF8, 0x01, 0x00, 0xFE, 0xFF, 0x0E, 0xF8, 
0x11, 0xF8, 0x01, 0x00, 0xFD, 0xFF, 0x0C, 0xF8, 0x03, 0x00, 0x04, 0x00, 0x0C, 0xF8, 0x09, 0xF8, 
0x02, 0x00, 0x06, 0x00, 0x0D, 0xF8, 0x0A, 0xF8, 0x01, 0x00, 0x02, 0x00, 0x0D, 0xF8, 0x00, 0x00, 
0x01, 0x00, 0x00, 0x00, 0x01, 0x00, 0x00, 0x00, 0x0D, 0xF8, 0xFF, 0xFF, 0x01, 0x00, 0x0F, 0xF8, 
0x0E, 0xF8, 0x00, 0x00, 0x00, 0x00, 0x0F, 0xF8, 0x0E, 0xF8, 0x00, 0x00, 0x03, 0x00, 0x0E, 0xF8, 
0x09, 0xF8, 0x00, 0x00, 0x07, 0x00, 0x0E, 0xF8, 0xF9, 0xFF, 0x01, 0x00, 0x14, 0xF8, 0x0D, 0xF8, 
0xFC, 0xFF, 0x03, 0x00, 0x11, 0xF8, 0x0B, 0xF8, 0xFF, 0xFF, 0x02, 0x00, 0x0F, 0xF8, 0x0E, 0xF8, 
0x00, 0x00, 0xFF, 0xFF, 0x0E, 0xF8, 0x11, 0xF8, 0x00, 0x00, 0xFD, 0xFF, 0x10, 0xF8, 0x11, 0xF8, 
0xFD, 0xFF, 0xFF, 0xFF, 0x12, 0xF8, 0xFF, 0xFF, 0xFD, 0xFF, 0x11, 0xF8, 0x11, 0xF8, 0xFE, 0xFF, 
0xFE, 0xFF, 0x0F, 0xF8, 0x0F, 0xF8, 0x01, 0x00, 0x00, 0x00, 0x0D, 0xF8, 0x0F, 0xF8, 0x01, 0x00, 
0xFF, 0xFF, 0x0F, 0xF8, 0x10, 0xF8, 0xFE, 0xFF, 0xFE, 0xFF, 0x11, 0xF8, 0x10, 0xF8, 0xFE, 0xFF, 
0xFF, 0xFF, 0x01, 0x00, 0x10, 0xF8, 0x0E, 0xF8, 0xFE, 0xFF, 0x00, 0x00, 0x02, 0x00, 0x0F, 0xF8, 
0xFF, 0xFF, 0xFF, 0xFF, 0x0E, 0xF8, 0x10, 0xF8, 0x02, 0x00, 0xFF, 0xFF, 0xFD, 0xFF, 0x0F, 0xF8, 
0x03, 0x00, 0xFF, 0xFF, 0xFE, 0xFF, 0x0F, 0xF8, 0x01, 0x00, 0x01, 0x00, 0x0F, 0xF8, 0x0D, 0xF8, 
0xFE, 0xFF, 0x02, 0x00, 0x02, 0x00, 0xFC, 0xFF, 0x0D, 0xF8, 0x13, 0xF8, 0x01, 0x00, 0xFE, 0xFF, 
0x0E, 0xF8, 0x0E, 0xF8, 0x0E, 0xF8, 0x01, 0x00, 0x01, 0x00, 0x0D, 0xF8, 0x0E, 0xF8, 0x01, 0x00, 
0x00, 0x00, 0x10, 0xF8, 0x0F, 0xF8, 0xFD, 0xFF, 0xFE, 0xFF, 0x11, 0xF8, 0x03, 0x00, 0xFE, 0xFF, 
0xFD, 0xFF, 0x10, 0xF8, 0x03, 0x00, 0xFF, 0xFF, 0xFD, 0xFF, 0x0F, 0xF8, 0x11, 0xF8, 0x00, 0x00, 
0xFE, 0xFF, 0x00, 0x00, 0x02, 0x00, 0x00, 0x00, 0xFE, 0xFF, 0x0E, 0xF8, 0x02, 0x00, 0x01, 0x00, 
0x0D, 0xF8, 0x0E, 0xF8, 0x01, 0x00, 0x00, 0x00, 0x0D, 0xF8, 0x01, 0x00, 0x02, 0x00, 0x0C, 0xF8, 
0xFE, 0xFF, 0x03, 0x00, 0x11, 0xF8, 0x0C, 0xF8, 0xFE, 0xFF, 0x03, 0x00, 0x0F, 0xF8, 0xFD, 0xFF, 
0x01, 0x00, 0x11, 0xF8, 0xFF, 0xFF, 0xFE, 0xFF, 0x00, 0x00, 0x0F, 0xF8, 0x00, 0x00, 0x02, 0x00, 
0x01, 0x00, 0xFD, 0xFF, 0x0D, 0xF8, 0x02, 0x00, 0x03, 0x00, 0x00, 0x00, 0x0B, 0xF8, 0xFE, 0xFF, 
0x02, 0x00, 0x03, 0x00, 0xFF, 0xFF, 0x0C, 0xF8, 0x10, 0xF8, 0x01, 0x00, 0xFE, 0xFF, 0x0E, 0xF8, 
0x10, 0xF8, 0x00, 0x00, 0xFF, 0xFF, 0x0F, 0xF8, 0x0F, 0xF8, 0x00, 0x00, 0x00, 0x00, 0x00, 0x00, 
0x0F, 0xF8, 0xFF, 0xFF, 0xFE, 0xFF, 0x01, 0x00, 0x11, 0xF8, 0x00, 0x00, 0xFE, 0xFF, 0x0E, 0xF8, 
0x01, 0x00, 0x01, 0x00, 0x01, 0x00, 0xFF, 0xFF, 0x0D, 0xF8, 0x0F, 0xF8, 0x01, 0x00, 0x00, 0x00, 
0x0D, 0xF8, 0x0F, 0xF8, 0x01, 0x00, 0xFF, 0xFF, 0x0F, 0xF8, 0x02, 0x00, 0x00, 0x00, 0x0B, 0xF8, 
0x0E, 0xF8, 0x03, 0x00, 0x00, 0x00, 0xFF, 0xFF, 0x00, 0x00, 0x0F, 0xF8, 0x0E, 0xF8, 0x00, 0x00, 
0x02, 0x00, 0xFF, 0xFF, 0x0B, 0xF8, 0x0F, 0xF8, 0x04, 0x00, 0x00, 0x00, 0xFC, 0xFF, 0x0F, 0xF8, 
0x12, 0xF8, 0x00, 0x00, 0xFE, 0xFF, 0x0E, 0xF8, 0x0F, 0xF8, 0x01, 0x00, 0x01, 0x00, 0x0D, 0xF8, 
0x0C, 0xF8, 0x02, 0x00, 0x02, 0x00, 0x0C, 0xF8, 0x0E, 0xF8, 0x03, 0x00, 0x00, 0x00, 0xFD, 0xFF, 
0x0F, 0xF8, 0x03, 0x00, 0xFF, 0xFF, 0xFD, 0xFF, 0x01, 0x00, 0x03, 0x00, 0x0E, 0xF8, 0x0C, 0xF8, 
0x00, 0x00, 0x02, 0x00, 0x00, 0x00, 0x0D, 0xF8, 0x0F, 0xF8, 0x01, 0x00, 0xFF, 0xFF, 0x0E, 0xF8, 
0x10, 0xF8, 0x00, 0x00, 0xFF, 0xFF, 0x00, 0x00, 0x00, 0x00, 0x0F, 0xF8, 0x00, 0x00, 0xFF, 0xFF, 
0x0F, 0xF8, 0x10, 0xF8, 0xFF, 0xFF, 0xFE, 0xFF, 0x02, 0x00, 0x10, 0xF8, 0xFE, 0xFF, 0xFF, 0xFF, 
0x01, 0x00, 0x0F, 0xF8, 0x0E, 0xF8, 0x00, 0x00, 0x00, 0x00, 0x00, 0x00, 0x00, 0x00, 0x0E, 0xF8, 
0x0F, 0xF8, 0x01, 0x00, 0x00, 0x00, 0x0D, 0xF8, 0x0E, 0xF8, 0x02, 0x00, 0x00, 0x00, 0x0C, 0xF8, 
0x0E, 0xF8, 0x02, 0x00, 0x01, 0x00, 0x0D, 0xF8, 0x00, 0x00, 0x02, 0x00, 0x0F, 0xF8, 0x0C, 0xF8, 
0xFE, 0xFF, 0x03, 0x00, 0x10, 0xF8, 0x0A, 0xF8, 0x00, 0x00, 0x05, 0x00, 0x0E, 0xF8, 0xFC, 0xFF, 
0x01, 0x00, 0x11, 0xF8, 0x0D, 0xF8, 0xFF, 0xFF, 0x02, 0x00, 0x0E, 0xF8, 0x0C, 0xF8, 0x10, 0xF8, 
0x02, 0x00, 0xFE, 0xFF, 0x0D, 0xF8, 0x03, 0x00, 0x01, 0x00, 0xFC, 0xFF, 0x01, 0x00, 0x04, 0x00, 
0xFD, 0xFF, 0xFC, 0xFF, 0x03, 0x00, 0x04, 0x00, 0xFE, 0xFF, 0x0C, 0xF8, 0x10, 0xF8, 0x01, 0x00, 
0xFF, 0xFF, 0x0F, 0xF8, 0x00, 0x00, 0xFE, 0xFF, 0x10, 0xF8, 0x11, 0xF8, 0xFE, 0xFF, 0xFE, 0xFF, 
0x11, 0xF8, 0x10, 0xF8, 0xFD, 0xFF, 0xFF, 0xFF, 0x11, 0xF8, 0x01, 0x00, 0xFF, 0xFF, 0x0D, 0xF8, 
0x0F, 0xF8, 0x02, 0x00, 0xFF, 0xFF, 0xFD, 0xFF, 0x00, 0x00, 0x12, 0xF8, 0x10, 0xF8, 0xFC, 0xFF, 
0xFD, 0xFF, 0x12, 0xF8, 0x13, 0xF8, 0xFF, 0xFF, 0xFC, 0xFF, 0xFF, 0xFF, 0x02, 0x00, 0x10, 0xF8, 
0x0E, 0xF8, 0xFE, 0xFF, 0xFF, 0xFF, 0x02, 0x00, 0x10, 0xF8, 0x0D, 0xF8, 0xFF, 0xFF, 0x02, 0x00, 
0x01, 0x00, 0xFD, 0xFF, 0x0D, 0xF8, 0x12, 0xF8, 0x01, 0x00, 0xFD, 0xFF, 0x0E, 0xF8, 0x02, 0x00, 
0x00, 0x00, 0x0E, 0xF8, 0x0F, 0xF8, 0xFF, 0xFF, 0xFF, 0xFF, 0x10, 0xF8, 0x00, 0x00, 0x00, 0x00, 
0x10, 0xF8, 0x0D, 0xF8, 0xFE, 0xFF, 0x02, 0x00, 0x10, 0xF8, 0xFF, 0xFF, 0x00, 0x00, 0x0D, 0xF8, 
0x0E, 0xF8, 0x04, 0x00, 0xFF, 0xFF, 0x09, 0xF8, 0x03, 0x00, 0x06, 0x00, 0x0A, 0xF8, 0x09, 0xF8, 
0x06, 0x00, 0x04, 0x00, 0x09, 0xF8, 0xFD, 0xFF, 0x04, 0x00, 0x11, 0xF8, 0x0C, 0xF8, 0xFE, 0xFF, 
0x02, 0x00, 0x10, 0xF8, 0x0D, 0xF8, 0xFF, 0xFF, 0x00, 0x00, 0x0F, 0xF8, 0x01, 0x00, 0x00, 0x00, 
0x0D, 0xF8, 0x00, 0x00, 0x03, 0x00, 0x0E, 0xF8, 0x0B, 0xF8, 0x02, 0x00, 0x03, 0x00, 0x0C, 0xF8, 
0x0B, 0xF8, 0x01, 0x00, 0x04, 0x00, 0x0F, 0xF8, 0x0B, 0xF8, 0xFE, 0xFF, 0x03, 0x00, 0x12, 0xF8, 
0x0C, 0xF8, 0xFD, 0xFF, 0x01, 0x00, 0x10, 0xF8, 0x01, 0x00, 0x00, 0x00, 0x0D, 0xF8, 0x0D, 0xF8, 
0x01, 0x00, 0x02, 0x00, 0xFF, 0xFF, 0x0E, 0xF8, 0x01, 0x00, 0xFE, 0xFF, 0x0D, 0xF8, 0x03, 0x00, 
0x02, 0x00, 0xFE, 0xFF, 0x0D, 0xF8, 0x0F, 0xF8, 0x01, 0x00, 0x01, 0x00, 0x0E, 0xF8, 0xFE, 0xFF, 
0x00, 0x00, 0x10, 0xF8, 0x00, 0x00, 0x00, 0x00, 0x00, 0x00, 0x0D, 0xF8, 0x00, 0x00, 0x02, 0x00, 
0x00, 0x00, 0xFF, 0xFF, 0x00, 0x00, 0x0F, 0xF8, 0x00, 0x00, 0x00, 0x00, 0x00, 0x00, 0x0D, 0xF8, 
0xFF, 0xFF, 0x03, 0x00, 0x11, 0xF8, 0x0B, 0xF8, 0xFD, 0xFF, 0x04, 0x00, 0x02, 0x00, 0x0A, 0xF8, 
0xFF, 0xFF, 0x04, 0x00, 0xFF, 0xFF, 0xFD, 0xFF, 0x11, 0xF8, 0x10, 0xF8, 0xFE, 0xFF, 0x00, 0x00, 
0x0F, 0xF8, 0x0D, 0xF8, 0x00, 0x00, 0x03, 0x00, 0x0E, 0xF8, 0xFC, 0xFF, 0x00, 0x00, 0x04, 0x00, 
0x10, 0xF8, 0x0B, 0xF8, 0xFD, 0xFF, 0x03, 0x00, 0x12, 0xF8, 0x0B, 0xF8, 0xFD, 0xFF, 0x04, 0x00, 
0x11, 0xF8, 0x0B, 0xF8, 0xFF, 0xFF, 0x04, 0x00, 0x0E, 0xF8, 0xFC, 0xFF, 0x01, 0x00, 0x10, 0xF8, 
0xFF, 0xFF, 0x00, 0x00, 0x0F, 0xF8, 0x0E, 0xF8, 0x00, 0x00, 0x02, 0x00, 0x0F, 0xF8, 0x0C, 0xF8, 
0xFF, 0xFF, 0x02, 0x00, 0x10, 0xF8, 0xFE, 0xFF, 0xFD, 0xFF, 0x01, 0x00, 0x12, 0xF8, 0x0F, 0xF8, 
0xFD, 0xFF, 0xFF, 0xFF, 0x03, 0x00, 0x10, 0xF8, 0x0C, 0xF8, 0xFE, 0xFF, 0x02, 0x00, 0x0F, 0xF8, 
0x0C, 0xF8, 0x02, 0x00, 0x03, 0x00, 0xFE, 0xFF, 0x0B, 0xF8, 0x01, 0x00, 0x03, 0x00, 0x0E, 0xF8, 
0xFF, 0xFF, 0xFF, 0xFF, 0x00, 0x00, 0x11, 0xF8, 0xFF, 0xFF, 0xFE, 0xFF, 0x02, 0x00, 0x10, 0xF8, 
0xFD, 0xFF, 0xFE, 0xFF, 0x04, 0x00, 0x11, 0xF8, 0xFD, 0xFF, 0x0C, 0xF8, 0x01, 0x00, 0x02, 0x00, 
0x00, 0x00, 0x0E, 0xF8, 0x00, 0x00, 0xFF, 0xFF, 0x00, 0x00, 0x10, 0xF8, 0x0E, 0xF8, 0xFF, 0xFF, 
0x01, 0x00, 0x0E, 0xF8, 0x0D, 0xF8, 0x01, 0x00, 0x10, 0xF8, 0x0F, 0xF8, 0x00, 0x00, 0xFE, 0xFF, 
0x0C, 0xF8, 0x11, 0xF8, 0x04, 0x00, 0xFE, 0xFF, 0x0A, 0xF8, 0x0F, 0xF8, 0x13, 0xF8, 0x01, 0x00, 
0xFD, 0xFF, 0xFF, 0xFF, 0x10, 0xF8, 0x0E, 0xF8, 0x00, 0x00, 0x02, 0x00, 0x0D, 0xF8, 0x0D, 0xF8, 
0x02, 0x00, 0x00, 0x00, 0xFE, 0xFF, 0x10, 0xF8, 0x11, 0xF8, 0xFE, 0xFF, 0xFE, 0xFF, 0x10, 0xF8, 
0x01, 0x00, 0x00, 0x00, 0x00, 0x00, 0x0D, 0xF8, 0x0C, 0xF8, 0x03, 0x00, 0x04, 0x00, 0xFC, 0xFF, 
0x0B, 0xF8, 0x12, 0xF8, 0x03, 0x00, 0xFE, 0xFF, 0x0C, 0xF8, 0x0F, 0xF8, 0x02, 0x00, 0x01, 0x00, 
0x0C, 0xF8, 0x0D, 0xF8, 0x03, 0x00, 0x01, 0x00, 0x0C, 0xF8, 0xFF, 0xFF, 0x01, 0x00, 0x10, 0xF8, 
0x10, 0xF8, 0xFE, 0xFF, 0xFD, 0xFF, 0x11, 0xF8, 0x03, 0x00, 0xFE, 0xFF, 0x0B, 0xF8, 0x10, 0xF8, 
0x03, 0x00, 0xFE, 0xFF, 0x0D, 0xF8, 0x03, 0x00, 0x00, 0x00, 0xFC, 0xFF, 0x0F, 0xF8, 0x13, 0xF8, 
0xFF, 0xFF, 0xFC, 0xFF, 0x10, 0xF8, 0x03, 0x00, 0xFE, 0xFF, 0xFE, 0xFF, 0x10, 0xF8, 0x0F, 0xF8, 
0xFF, 0xFF, 0x01, 0x00, 0x01, 0x00, 0x0D, 0xF8, 0x0E, 0xF8, 0x02, 0x00, 0x00, 0x00, 0xFE, 0xFF, 
0x0E, 0xF8, 0x0F, 0xF8, 0x01, 0x00, 0x01, 0x00, 0x0E, 0xF8, 0x0D, 0xF8, 0x00, 0x00, 0x02, 0x00, 
0x00, 0x00, 0xFE, 0xFF, 0x0E, 0xF8, 0x01, 0x00, 0x01, 0x00, 0x0E, 0xF8, 0x0E, 0xF8, 0x01, 0x00, 
0x00, 0x00, 0xFF, 0xFF, 0x00, 0x00, 0x01, 0x00, 0x0E, 0xF8, 0xFE, 0xFF, 0x01, 0x00, 0x11, 0xF8, 
0xFF, 0xFF, 0xFE, 0xFF, 0x0F, 0xF8, 0x01, 0x00, 0x00, 0x00, 0x0F, 0xF8, 0x0E, 0xF8, 0xFF, 0xFF, 
0x00, 0x00, 0x10, 0xF8, 0x10, 0xF8, 0xFE, 0xFF, 0xFE, 0xFF, 0x02, 0x00, 0x10, 0xF8, 0x0C, 0xF8, 
0xFF, 0xFF, 0x03, 0x00, 0x00, 0x00, 0x0C, 0xF8, 0x0F, 0xF8, 0x02, 0x00, 0x01, 0x00, 0x0D, 0xF8, 
0x0D, 0xF8, 0x00, 0x00, 0x00, 0x00, 0x01, 0x00, 0x10, 0xF8, 0x0D, 0xF8, 0xFE, 0xFF, 0x02, 0x00, 
0x02, 0x00, 0x0D, 0xF8, 0x0E, 0xF8, 0x00, 0x00, 0xFE, 0xFF, 0x10, 0xF8, 0x11, 0xF8, 0xFE, 0xFF, 
0xFF, 0xFF, 0x11, 0xF8, 0x00, 0x00, 0xFD, 0xFF, 0x0F, 0xF8, 0x11, 0xF8, 0xFE, 0xFF, 0xFF, 0xFF, 
0x11, 0xF8, 0x0F, 0xF8, 0xFE, 0xFF, 0xFF, 0xFF, 0x10, 0xF8, 0x0F, 0xF8, 0xFF, 0xFF, 0x00, 0x00, 
0x0F, 0xF8, 0x00, 0x00, 0xFF, 0xFF, 0x0E, 0xF8, 0x10, 0xF8, 0x01, 0x00, 0xFF, 0xFF, 0x0D, 0xF8, 
0x0E, 0xF8, 0x03, 0x00, 0x01, 0x00, 0x0A, 0xF8, 0xFF, 0xFF, 0x04, 0x00, 0x02, 0x00, 0xFD, 0xFF, 
0x0C, 0xF8, 0x03, 0x00, 0x03, 0x00, 0xFE, 0xFF, 0xFD, 0xFF, 0x0F, 0xF8, 0x10, 0xF8, 0xFF, 0xFF, 
0x00, 0x00, 0x01, 0x00, 0x0E, 0xF8, 0xFF, 0xFF, 0x01, 0x00, 0x02, 0x00, 0x0F, 0xF8, 0x0C, 0xF8, 
0xFE, 0xFF, 0x02, 0x00, 0x10, 0xF8, 0x0D, 0xF8, 0xFF, 0xFF, 0x01, 0x00, 0x0F, 0xF8, 0x0E, 0xF8, 
0x01, 0x00, 0x00, 0x00, 0x0D, 0xF8, 0x00, 0x00, 0x01, 0x00, 0x10, 0xF8, 0xFF, 0xFF, 0xFD, 0xFF, 
0x0F, 0xF8, 0x11, 0xF8, 0x01, 0x00, 0xFF, 0xFF, 0x0C, 0xF8, 0x0F, 0xF8, 0x03, 0x00, 0x00, 0x00, 
0x0C, 0xF8, 0x0D, 0xF8, 0x01, 0x00, 0x01, 0x00, 0x0F, 0xF8, 0x0F, 0xF8, 0xFF, 0xFF, 0x00, 0x00, 
0x00, 0x00, 0x00, 0x00, 0x10, 0xF8, 0xFF, 0xFF, 0xFE, 0xFF, 0x0F, 0xF8, 0x10, 0xF8, 0x01, 0x00, 
0x00, 0x00, 0x0D, 0xF8, 0xFF, 0xFF, 0x02, 0x00, 0x0F, 0xF8, 0x0C, 0xF8, 0x00, 0x00, 0x03, 0x00, 
0x0E, 0xF8, 0x0B, 0xF8, 0x01, 0x00, 0x04, 0x00, 0x0D, 0xF8, 0x0B, 0xF8, 0x01, 0x00, 0x03, 0x00, 
0xFF, 0xFF, 0x0C, 0xF8, 0x01, 0x00, 0x02, 0x00, 0xFF, 0xFF, 0x0D, 0xF8, 0x02, 0x00, 0x02, 0x00, 
0x0B, 0xF8, 0x0C, 0xF8, 0x04, 0x00, 0x02, 0x00, 0x0A, 0xF8, 0x0D, 0xF8, 0x05, 0x00, 0x02, 0x00, 
0xFC, 0xFF, 0x0D, 0xF8, 0x12, 0xF8, 0x01, 0x00, 0xFC, 0xFF, 0x0D, 0xF8, 0x04, 0x00, 0x02, 0x00, 
0x0B, 0xF8, 0x0C, 0xF8, 0x03, 0x00, 0x04, 0x00, 0x0D, 0xF8, 0xFC, 0xFF, 0x00, 0x00, 0x12, 0xF8, 
0x0F, 0xF8, 0xFC, 0xFF, 0xFF, 0xFF, 0x12, 0xF8, 0x10, 0xF8, 0xFE, 0xFF, 0xFF, 0xFF, 0x01, 0x00, 
0x00, 0x00, 0x0E, 0xF8, 0x0F, 0xF8, 0xFF, 0xFF, 0xFF, 0xFF, 0x11, 0xF8, 0x10, 0xF8, 0xFD, 0xFF, 
0xFF, 0xFF, 0x11, 0xF8, 0xFF, 0xFF, 0xFE, 0xFF, 0x02, 0x00, 0x10, 0xF8, 0x0C, 0xF8, 0x00, 0x00, 
0x03, 0x00, 0xFF, 0xFF, 0x0C, 0xF8, 0x10, 0xF8, 0x02, 0x00, 0xFE, 0xFF, 0xFE, 0xFF, 0x11, 0xF8, 
0x0F, 0xF8, 0xFF, 0xFF, 0x01, 0x00, 0x0D, 0xF8, 0x0E, 0xF8, 0x03, 0x00, 0x00, 0x00, 0x0C, 0xF8, 
0x0F, 0xF8, 0x01, 0x00, 0xFE, 0xFF, 0x0F, 0xF8, 0x11, 0xF8, 0xFE, 0xFF, 0xFF, 0xFF, 0x11, 0xF8, 
0x0E, 0xF8, 0xFE, 0xFF, 0x01, 0x00, 0x10, 0xF8, 0x0D, 0xF8, 0xFF, 0xFF, 0x01, 0x00, 0x01, 0x00, 
0x0F, 0xF8, 0x0D, 0xF8, 0xFE, 0xFF, 0x02, 0x00, 0x03, 0x00, 0xFD, 0xFF, 0x0B, 0xF8, 0x13, 0xF8, 
0x03, 0x00, 0xFC, 0xFF, 0xFE, 0xFF, 0x03, 0x00, 0x01, 0x00, 0x0C, 0xF8, 0xFF, 0xFF, 0x01, 0x00, 
0x01, 0x00, 0x0F, 0xF8, 0x00, 0x00, 0x00, 0x00, 0x0E, 0xF8, 0xFF, 0xFF, 0x01, 0x00, 0x10, 0xF8, 
0x0C, 0xF8, 0xFE, 0xFF, 0x03, 0x00, 0x02, 0x00, 0x0D, 0xF8, 0xFF, 0xFF, 0x01, 0x00, 0x00, 0x00, 
0x0E, 0xF8, 0x0F, 0xF8, 0x00, 0x00, 0xFF, 0xFF, 0x0E, 0xF8, 0x01, 0x00, 0x01, 0x00, 0x00, 0x00, 
0xFF, 0xFF, 0x0E, 0xF8, 0x10, 0xF8, 0x01, 0x00, 0xFE, 0xFF, 0x0D, 0xF8, 0x10, 0xF8, 0x01, 0x00, 
0xFF, 0xFF, 0x0E, 0xF8, 0x00, 0x00, 0x01, 0x00, 0x0F, 0xF8, 0xFF, 0xFF, 0x00, 0x00, 0x00, 0x00, 
0x0E, 0xF8, 0x00, 0x00, 0x00, 0x00, 0x0E, 0xF8, 0x0F, 0xF8, 0x02, 0x00, 0xFF, 0xFF, 0x0D, 0xF8, 
0x10, 0xF8, 0xFF, 0xFF, 0xFF, 0xFF, 0x02, 0x00, 0x00, 0x00, 0x0C, 0xF8, 0x0F, 0xF8, 0x02, 0x00, 
0xFF, 0xFF, 0x0F, 0xF8, 0x01, 0x00, 0xFE, 0xFF, 0x0E, 0xF8, 0x02, 0x00, 0x01, 0x00, 0x0D, 0xF8, 
0x0D, 0xF8, 0x00, 0x00, 0x01, 0x00, 0x10, 0xF8, 0x00, 0x00, 0xFE, 0xFF, 0xFF, 0xFF, 0x11, 0xF8, 
0x11, 0xF8, 0xFD, 0xFF, 0xFD, 0xFF, 0x12, 0xF8, 0x11, 0xF8, 0xFD, 0xFF, 0xFE, 0xFF, 0x10, 0xF8, 
0x10, 0xF8, 0x00, 0x00, 0x00, 0x00, 0x0E, 0xF8, 0x0D, 0xF8, 0x00, 0x00, 0x02, 0x00, 0x10, 0xF8, 
0x0C, 0xF8, 0xFD, 0xFF, 0x02, 0x00, 0x12, 0xF8, 0xFF, 0xFF, 0xFD, 0xFF, 0x10, 0xF8, 0x01, 0x00, 
0xFE, 0xFF, 0x0F, 0xF8, 0x10, 0xF8, 0xFF, 0xFF, 0xFE, 0xFF, 0x0F, 0xF8, 0x03, 0x00, 0x00, 0x00, 
0x0B, 0xF8, 0x0E, 0xF8, 0x05, 0x00, 0x01, 0x00, 0x08, 0xF8, 0x0E, 0xF8, 0x07, 0x00, 0x00, 0x00, 
0xFA, 0xFF, 0x00, 0x00, 0x13, 0xF8, 0x0E, 0xF8, 0xFD, 0xFF, 0x01, 0x00, 0x10, 0xF8, 0x0F, 0xF8, 
0xFF, 0xFF, 0xFE, 0xFF, 0x10, 0xF8, 0x12, 0xF8, 0xFE, 0xFF, 0xFB, 0xFF, 0x11, 0xF8, 0x14, 0xF8, 
0xFE, 0xFF, 0xFC, 0xFF, 0x10, 0xF8, 0x10, 0xF8, 0xFF, 0xFF, 0x00, 0x00, 0x0F, 0xF8, 0xFF, 0xFF, 
0xFF, 0xFF, 0x11, 0xF8, 0x10, 0xF8, 0xFD, 0xFF, 0xFF, 0xFF, 0x11, 0xF8, 0x10, 0xF8, 0xFD, 0xFF, 
0xFE, 0xFF, 0x12, 0xF8, 0x01, 0x00, 0xFD, 0xFF, 0x0E, 0xF8, 0x10, 0xF8, 0x01, 0x00, 0x00, 0x00, 
0x0D, 0xF8, 0xFF, 0xFF, 0x02, 0x00, 0x01, 0x00, 0xFD, 0xFF, 0x00, 0x00, 0x03, 0x00, 0xFF, 0xFF, 
0xFE, 0xFF, 0x02, 0x00, 0x10, 0xF8, 0x0C, 0xF8, 0xFF, 0xFF, 0x02, 0x00, 0x00, 0x00, 0x0D, 0xF8, 
0x0F, 0xF8, 0x02, 0x00, 0x00, 0x00, 0x0C, 0xF8, 0x0E, 0xF8, 0x11, 0xF8, 0x02, 0x00, 0xFD, 0xFF, 
0x0B, 0xF8, 0x12, 0xF8, 0x04, 0x00, 0xFD, 0xFF, 0x0C, 0xF8, 0x11, 0xF8, 0x00, 0x00, 0xFD, 0xFF, 
0x11, 0xF8, 0x12, 0xF8, 0xFC, 0xFF, 0xFC, 0xFF, 0x13, 0xF8, 0x13, 0xF8, 0x0C, 0xF8, 0xFD, 0xFF, 
0x00, 0x00, 0x10, 0xF8, 0x00, 0x00, 0xFF, 0xFF, 0x01, 0x00, 0x0F, 0xF8, 0x0C, 0xF8, 0x00, 0x00, 
0x05, 0x00, 0x0E, 0xF8, 0x08, 0xF8, 0x01, 0x00, 0x05, 0x00, 0x0D, 0xF8, 0xFE, 0xFF, 0x02, 0x00, 
0xFF, 0xFF, 0xFE, 0xFF, 0x03, 0x00, 0x01, 0x00, 0xFD, 0xFF, 0x0F, 0xF8, 0x10, 0xF8, 0xFF, 0xFF, 
0x01, 0x00, 0x10, 0xF8, 0x0C, 0xF8, 0xFE, 0xFF, 0x03, 0x00, 0x0F, 0xF8, 0x0C, 0xF8, 0x02, 0x00, 
0x01, 0x00, 0x0C, 0xF8, 0x01, 0x00, 0x02, 0x00, 0x0D, 0xF8, 0x0D, 0xF8, 0x02, 0x00, 0x00, 0x00, 
0x0C, 0xF8, 0x0F, 0xF8, 0x02, 0x00, 0x00, 0x00, 0x0E, 0xF8, 0x0E, 0xF8, 0xFF, 0xFF, 0x02, 0x00, 
0x02, 0x00, 0x0C, 0xF8, 0xFF, 0xFF, 0x01, 0x00, 0xFF, 0xFF, 0x0E, 0xF8, 0x03, 0x00, 0x01, 0x00, 
0xFC, 0xFF, 0x0E, 0xF8, 0x12, 0xF8, 0x01, 0x00, 0xFE, 0xFF, 0x0D, 0xF8, 0x10, 0xF8, 0x01, 0x00, 
0xFF, 0xFF, 0x0D, 0xF8, 0x0F, 0xF8, 0x03, 0x00, 0x00, 0x00, 0x0B, 0xF8, 0xFF, 0xFF, 0x03, 0x00, 
0x11, 0xF8, 0x0C, 0xF8, 0xFD, 0xFF, 0x02, 0x00, 0x11, 0xF8, 0x0D, 0xF8, 0xFD, 0xFF, 0x01, 0x00, 
0x12, 0xF8, 0x0E, 0xF8, 0xFE, 0xFF, 0x01, 0x00, 0x01, 0x00, 0x0D, 0xF8, 0x0E, 0xF8, 0x01, 0x00, 
0xFE, 0xFF, 0xFF, 0xFF, 0x12, 0xF8, 0x02, 0x00, 0xFD, 0xFF, 0x0D, 0xF8, 0x11, 0xF8, 0x01, 0x00, 
0xFF, 0xFF, 0x0D, 0xF8, 0x0D, 0xF8, 0x01, 0x00, 0x03, 0x00, 0x0E, 0xF8, 0x0C, 0xF8, 0x01, 0x00, 
0x10, 0xF8, 0x0D, 0xF8, 0x0D, 0xF8, 0x01, 0x00, 0x02, 0x00, 0x0E, 0xF8, 0x0D, 0xF8, 0x0E, 0xF8, 
0x02, 0x00, 0x01, 0x00, 0x0D, 0xF8, 0x0D, 0xF8, 0x00, 0x00, 0x02, 0x00, 0x01, 0x00, 0x0D, 0xF8, 
0xFF, 0xFF, 0x01, 0x00, 0x00, 0x00, 0xFF, 0xFF, 0x02, 0x00, 0x01, 0x00, 0xFD, 0xFF, 0xFF, 0xFF, 
0x02, 0x00, 0x01, 0x00, 0x00, 0x00, 0xFF, 0xFF, 0xFE, 0xFF, 0x00, 0x00, 0x03, 0x00, 0x02, 0x00, 
0xFD, 0xFF, 0xFD, 0xFF, 0x03, 0x00, 0x03, 0x00, 0xFD, 0xFF, 0xFD, 0xFF, 0x03, 0x00, 0x01, 0x00, 
0xFD, 0xFF, 0x01, 0x00, 0x03, 0x00, 0xFE, 0xFF, 0xFE, 0xFF, 0x03, 0x00, 0x01, 0x00, 0xFD, 0xFF, 
0x00, 0x00, 0x02, 0x00, 0xFF, 0xFF, 0xFF, 0xFF, 0x01, 0x00, 0x00, 0x00, 0x00, 0x00, 0x00, 0x00, 
0x0F, 0xF8, 0x01, 0x00, 0xFE, 0xFF, 0xFE, 0xFF, 0x11, 0xF8, 0x11, 0xF8, 0x0D, 0xF8, 0x0D, 0xF8, 
0x0F, 0xF8, 0x0F, 0xF8, 0x10, 0xF8, 0x0E, 0xF8, 0x0C, 0xF8, 0x0F, 0xF8, 0x0F, 0xF8, 0x0E, 0xF8, 
0x11, 0xF8, 0x10, 0xF8, 0x0A, 0xF8, 0x0D, 0xF8, 0x14, 0xF8, 0x0F, 0xF8, 0x0A, 0xF8, 0x0E, 0xF8, 
0x11, 0xF8, 0x0F, 0xF8, 0x0E, 0xF8, 0x0F, 0xF8, 0x0E, 0xF8, 0x0D, 0xF8, 0x0F, 0xF8, 0x11, 0xF8, 
0x1C, 0xF0, 0x1A, 0xF0, 0x1F, 0xF0, 0x1F, 0xF0, 0x1B, 0xF0, 0x1D, 0xF0, 0x1F, 0xF0, 0x1B, 0xF0, 
0x1C, 0xF0, 0x20, 0xF0, 0x1C, 0xF0, 0x1B, 0xF0, 0x1F, 0xF0, 0x1D, 0xF0, 0x1B, 0xF0, 0x1F, 0xF0, 
0x1F, 0xF0, 0x1B, 0xF0, 0x1B, 0xF0, 0x1E, 0xF0, 0x1F, 0xF0, 0x1D, 0xF0, 0x1B, 0xF0, 0x1C, 0xF0, 
0x20, 0xF0, 0x1F, 0xF0, 0x1A, 0xF0, 0x1B, 0xF0, 0x1E, 0xF0, 0x20, 0xF0, 0x1E, 0xF0, 0x18, 0xF0, 
0x1C, 0xF0, 0x23, 0xF0, 0x1E, 0xF0, 0x18, 0xF0, 0x1C, 0xF0, 0x20, 0xF0, 0x0F, 0xF8, 0x0E, 0xF8, 
0x0E, 0xF8, 0x0E, 0xF8, 0x10, 0xF8, 0x0F, 0xF8, 0x0D, 0xF8, 0x0E, 0xF8, 0x0F, 0xF8, 0x0F, 0xF8, 
0x0F, 0xF8, 0x0E, 0xF8, 0x0D, 0xF8, 0x10, 0xF8, 0x11, 0xF8, 0x0E, 0xF8, 0x0C, 0xF8, 0x0D, 0xF8, 
0x02, 0x00, 0x03, 0x00, 0x0E, 0xF8, 0x0A, 0xF8, 0xFF, 0xFF, 0x05, 0x00, 0x02, 0x00, 0xFC, 0xFF, 
0xFD, 0xFF, 0x03, 0x00, 0x04, 0x00, 0xFE, 0xFF, 0xFC, 0xFF, 0x01, 0x00, 0x03, 0x00, 0x00, 0x00, 
0xFE, 0xFF, 0x00, 0x00, 0x02, 0x00, 0xFE, 0xFF, 0xF0, 0x07, 0xF6, 0x07, 0x01, 0x00, 0xFB, 0xFF, 
0xEF, 0x07, 0xF6, 0x07, 0xF5, 0x07, 0xEE, 0x07, 0xEE, 0x07, 0xF3, 0x07, 0xF6, 0x07, 0xF1, 0x07, 
0xED, 0x07, 0xF2, 0x07, 0xF5, 0x07, 0xF1, 0x07, 0xEE, 0x07, 0xF2, 0x07, 0xF4, 0x07, 0xF1, 0x07, 
0xF0, 0x07, 0xF2, 0x07, 0xF3, 0x07, 0xF1, 0x07, 0xF1, 0x07, 0xF2, 0x07, 0xF1, 0x07, 0xF0, 0x07, 
0xE3, 0x0F, 0xE5, 0x0F, 0xF2, 0x07, 0xEF, 0x07, 0xE3, 0x0F, 0xE6, 0x0F, 0xE3, 0x0F, 0xE1, 0x0F, 
0xE2, 0x0F, 0xE3, 0x0F, 0xE5, 0x0F, 0xE4, 0x0F, 0xE1, 0x0F, 0xE1, 0x0F, 0xE5, 0x0F, 0xE5, 0x0F, 
0xE1, 0x0F, 0xE1, 0x0F, 0xE4, 0x0F, 0xE5, 0x0F, 0xF1, 0x07, 0xF0, 0x07, 0xF2, 0x07, 0xF2, 0x07, 
0xF0, 0x07, 0xF2, 0x07, 0xF3, 0x07, 0xF0, 0x07, 0xF1, 0x07, 0xF3, 0x07, 0xF1, 0x07, 0xF0, 0x07, 
0xF2, 0x07, 0xF4, 0x07, 0xFF, 0xFF, 0xFD, 0xFF, 0x01, 0x00, 0x03, 0x00, 0xFF, 0xFF, 0xFD, 0xFF, 
0x02, 0x00, 0x02, 0x00, 0xFE, 0xFF, 0xFF, 0xFF, 0x02, 0x00, 0x01, 0x00, 0x0D, 0xF8, 0x0D, 0xF8, 
0x0E, 0xF8, 0x11, 0xF8, 0x11, 0xF8, 0x0C, 0xF8, 0x0C, 0xF8, 0x10, 0xF8, 0x20, 0xF0, 0x1C, 0xF0, 
0x0C, 0xF8, 0x0F, 0xF8, 0x1E, 0xF0, 0x1D, 0xF0, 0x1D, 0xF0, 0x1E, 0xF0, 0x1D, 0xF0, 0x1C, 0xF0, 
0x1E, 0xF0, 0x1D, 0xF0, 0x1B, 0xF0, 0x1E, 0xF0, 0x1F, 0xF0, 0x1B, 0xF0, 0x1B, 0xF0, 0x20, 0xF0, 
0x20, 0xF0, 0x1B, 0xF0, 0x1A, 0xF0, 0x1D, 0xF0, 0x20, 0xF0, 0x1F, 0xF0, 0x28, 0xE8, 0x28, 0xE8, 
0x20, 0xF0, 0x21, 0xF0, 0x2B, 0xE8, 0x28, 0xE8, 0x2A, 0xE8, 0x2E, 0xE8, 0x2E, 0xE8, 0x2B, 0xE8, 
0x29, 0xE8, 0x2B, 0xE8, 0x2E, 0xE8, 0x2D, 0xE8, 0x2A, 0xE8, 0x29, 0xE8, 0x2C, 0xE8, 0x2D, 0xE8, 
0x2B, 0xE8, 0x2B, 0xE8, 0x2C, 0xE8, 0x2D, 0xE8, 0x2C, 0xE8, 0x2B, 0xE8, 0x2B, 0xE8, 0x2A, 0xE8, 
0x2B, 0xE8, 0x2D, 0xE8, 0x2D, 0xE8, 0x2A, 0xE8, 0x2A, 0xE8, 0x2E, 0xE8, 0x2D, 0xE8, 0x2A, 0xE8, 
0x1C, 0xF0, 0x1D, 0xF0, 0x2B, 0xE8, 0x2C, 0xE8, 0x1F, 0xF0, 0x1D, 0xF0, 0x1B, 0xF0, 0x1D, 0xF0, 
0x1F, 0xF0, 0x1D, 0xF0, 0x1B, 0xF0, 0x1D, 0xF0, 0x1E, 0xF0, 0x1D, 0xF0, 0x1E, 0xF0, 0x1D, 0xF0, 
0x1A, 0xF0, 0x1D, 0xF0, 0x12, 0xF8, 0x0F, 0xF8, 0x0C, 0xF8, 0x0D, 0xF8, 0x10, 0xF8, 0x11, 0xF8, 
0x0E, 0xF8, 0x0B, 0xF8, 0x0F, 0xF8, 0x12, 0xF8, 0xFE, 0xFF, 0xFE, 0xFF, 0x03, 0x00, 0x00, 0x00, 
0xFE, 0xFF, 0x01, 0x00, 0x00, 0x00, 0xFF, 0xFF, 0xF3, 0x07, 0xF3, 0x07, 0xF0, 0x07, 0xF1, 0x07, 
0xF2, 0x07, 0xF0, 0x07, 0xF3, 0x07, 0xF3, 0x07, 0xEF, 0x07, 0xF1, 0x07, 0xF3, 0x07, 0xF2, 0x07, 
0xE2, 0x0F, 0xE3, 0x0F, 0xE4, 0x0F, 0xE3, 0x0F, 0xE2, 0x0F, 0xE2, 0x0F, 0xE4, 0x0F, 0xE5, 0x0F, 
0xE2, 0x0F, 0xE0, 0x0F, 0xE4, 0x0F, 0xE6, 0x0F, 0xE2, 0x0F, 0xE0, 0x0F, 0xE4, 0x0F, 0xE6, 0x0F, 
0xD3, 0x17, 0xD3, 0x17, 0xE5, 0x0F, 0xE3, 0x0F, 0xD3, 0x17, 0xD5, 0x17, 0xE4, 0x0F, 0xE2, 0x0F, 
0xE1, 0x0F, 0xE3, 0x0F, 0xD7, 0x17, 0xD7, 0x17, 0xD2, 0x17, 0xD1, 0x17, 0xD7, 0x17, 0xD8, 0x17, 
0xE1, 0x0F, 0xDF, 0x0F, 0xD4, 0x17, 0xD8, 0x17, 0xE4, 0x0F, 0xE0, 0x0F, 0xE2, 0x0F, 0xE6, 0x0F, 
0xE4, 0x0F, 0xE0, 0x0F, 0xE3, 0x0F, 0xE4, 0x0F, 0xE1, 0x0F, 0xE4, 0x0F, 0xE6, 0x0F, 0xE1, 0x0F, 
0xE0, 0x0F, 0xE5, 0x0F, 0xE5, 0x0F, 0xE1, 0x0F, 0xF1, 0x07, 0xF3, 0x07, 0xE2, 0x0F, 0xE2, 0x0F, 
0xF4, 0x07, 0xF2, 0x07, 0xEE, 0x07, 0xF2, 0x07, 0xF6, 0x07, 0xF0, 0x07, 0xFC, 0xFF, 0x02, 0x00, 
0x02, 0x00, 0xFE, 0xFF, 0xFF, 0xFF, 0x01, 0x00, 0x01, 0x00, 0x00, 0x00, 0x0E, 0xF8, 0x0E, 0xF8, 
0x00, 0x00, 0x01, 0x00, 0x0F, 0xF8, 0x0E, 0xF8, 0x0D, 0xF8, 0x0E, 0xF8, 0x11, 0xF8, 0x0F, 0xF8, 
0x1A, 0xF0, 0x1C, 0xF0, 0x20, 0xF0, 0x1F, 0xF0, 0x1B, 0xF0, 0x1C, 0xF0, 0x1E, 0xF0, 0x1D, 0xF0, 
0x1D, 0xF0, 0x1D, 0xF0, 0x1C, 0xF0, 0x1D, 0xF0, 0x1E, 0xF0, 0x1E, 0xF0, 0x2B, 0xE8, 0x2A, 0xE8, 
0x1E, 0xF0, 0x1F, 0xF0, 0x1C, 0xF0, 0x1B, 0xF0, 0x1D, 0xF0, 0x1F, 0xF0, 0x2C, 0xE8, 0x2A, 0xE8, 
0x1C, 0xF0, 0x1E, 0xF0, 0x1E, 0xF0, 0x1C, 0xF0, 0x1D, 0xF0, 0x1F, 0xF0, 0x1D, 0xF0, 0x1A, 0xF0, 
0x1D, 0xF0, 0x21, 0xF0, 0x0F, 0xF8, 0x0A, 0xF8, 0x1B, 0xF0, 0x21, 0xF0, 0x1F, 0xF0, 0x1B, 0xF0, 
0x0E, 0xF8, 0x0E, 0xF8, 0x1D, 0xF0, 0x11, 0xF8, 0x0F, 0xF8, 0x0B, 0xF8, 0x0E, 0xF8, 0x12, 0xF8, 
0x0E, 0xF8, 0x0D, 0xF8, 0x10, 0xF8, 0x0E, 0xF8, 0x0D, 0xF8, 0x10, 0xF8, 0x0F, 0xF8, 0x0C, 0xF8, 
0x0F, 0xF8, 0x11, 0xF8, 0x0E, 0xF8, 0x0E, 0xF8, 0x1E, 0xF0, 0x1C, 0xF0, 0x0E, 0xF8, 0x10, 0xF8, 
0x0E, 0xF8, 0x0C, 0xF8, 0x1E, 0xF0, 0x20, 0xF0, 0x0D, 0xF8, 0x0C, 0xF8, 0x1F, 0xF0, 0x20, 0xF0, 
0x0D, 0xF8, 0x0B, 0xF8, 0x10, 0xF8, 0x11, 0xF8, 0x0D, 0xF8, 0x0D, 0xF8, 0x0F, 0xF8, 0x0F, 0xF8, 
0x0E, 0xF8, 0x0F, 0xF8, 0x10, 0xF8, 0x0E, 0xF8, 0x0D, 0xF8, 0x0F, 0xF8, 0x0F, 0xF8, 0x0E, 0xF8, 
0x0F, 0xF8, 0x0E, 0xF8, 0x0C, 0xF8, 0x10, 0xF8, 0x05, 0x00, 0xFE, 0xFF, 0x09, 0xF8, 0x11, 0xF8, 
0x04, 0x00, 0xFE, 0xFF, 0xFD, 0xFF, 0x01, 0x00, 0x01, 0x00, 0xFF, 0xFF, 0x10, 0xF8, 0x10, 0xF8, 
0xFE, 0xFF, 0xFF, 0xFF, 0x01, 0x00, 0x00, 0x00, 0x0E, 0xF8, 0x0F, 0xF8, 0x00, 0x00, 0xFF, 0xFF, 
0x0F, 0xF8, 0x10, 0xF8, 0x00, 0x00, 0x00, 0x00, 0x0E, 0xF8, 0x0D, 0xF8, 0x0F, 0xF8, 0x10, 0xF8, 
0xFF, 0xFF, 0xFF, 0xFF, 0x10, 0xF8, 0x10, 0xF8, 0xFF, 0xFF, 0xFF, 0xFF, 0x0F, 0xF8, 0x0F, 0xF8, 
0x00, 0x00, 0xFF, 0xFF, 0x0E, 0xF8, 0x10, 0xF8, 0x00, 0x00, 0xFF, 0xFF, 0x00, 0x00, 0x01, 0x00, 
0x0F, 0xF8, 0x0E, 0xF8, 0xFF, 0xFF, 0xFF, 0xFF, 0x10, 0xF8, 0x11, 0xF8, 0xFE, 0xFF, 0xFD, 0xFF, 
0x02, 0x00, 0x03, 0x00, 0x0D, 0xF8, 0x0D, 0xF8, 0x02, 0x00, 0x00, 0x00, 0x0C, 0xF8, 0x10, 0xF8, 
0x02, 0x00, 0xFD, 0xFF, 0xFF, 0xFF, 0x03, 0x00, 0x00, 0x00, 0xFE, 0xFF, 0x01, 0x00, 0x02, 0x00, 
0xFE, 0xFF, 0xFE, 0xFF, 0x02, 0x00, 0x01, 0x00, 0xFF, 0xFF, 0xFF, 0xFF, 0x00, 0x00, 0x01, 0x00, 
0x00, 0x00, 0x00, 0x00, 0x00, 0x00, 0xFF, 0xFF, 0x00, 0x00, 0x02, 0x00, 0x00, 0x00, 0xFD, 0xFF, 
0x01, 0x00, 0x03, 0x00, 0xFD, 0xFF, 0xFE, 0xFF, 0x04, 0x00, 0x01, 0x00, 0xFC, 0xFF, 0x00, 0x00, 
0x04, 0x00, 0x00, 0x00, 0xFD, 0xFF, 0xFF, 0xFF, 0x01, 0x00, 0x02, 0x00, 0x00, 0x00, 0xFD, 0xFF, 
0xFF, 0xFF, 0x03, 0x00, 0x02, 0x00, 0xFE, 0xFF, 0xFE, 0xFF, 0x01, 0x00, 0x02, 0x00, 0x00, 0x00, 
0x0D, 0xF8, 0x0D, 0xF8, 0x0E, 0xF8, 0x11, 0xF8, 0x10, 0xF8, 0x0C, 0xF8, 0x0D, 0xF8, 0x11, 0xF8, 
0x10, 0xF8, 0x0C, 0xF8, 0x0E, 0xF8, 0x10, 0xF8, 0x0E, 0xF8, 0x0F, 0xF8, 0x0F, 0xF8, 0x0D, 0xF8, 
0x1D, 0xF0, 0x1F, 0xF0, 0x0E, 0xF8, 0x0D, 0xF8, 0x1E, 0xF0, 0x1E, 0xF0, 0x0E, 0xF8, 0x0F, 0xF8, 
0x0F, 0xF8, 0x0D, 0xF8, 0x1C, 0xF0, 0x1E, 0xF0, 0x10, 0xF8, 0x0E, 0xF8, 0x1C, 0xF0, 0x1E, 0xF0, 
0x1D, 0xF0, 0x1D, 0xF0, 0x1F, 0xF0, 0x1C, 0xF0, 0x19, 0xF0, 0x1E, 0xF0, 0x22, 0xF0, 0x1C, 0xF0, 
0x19, 0xF0, 0x1D, 0xF0, 0x1F, 0xF0, 0x1F, 0xF0, 0x1D, 0xF0, 0x1B, 0xF0, 0x1D, 0xF0, 0x1E, 0xF0, 
0x1C, 0xF0, 0x1C, 0xF0, 0x1F, 0xF0, 0x1E, 0xF0, 0x1B, 0xF0, 0x1D, 0xF0, 0x1F, 0xF0, 0x1E, 0xF0, 
0x0D, 0xF8, 0x0C, 0xF8, 0x1E, 0xF0, 0x20, 0xF0, 0x0E, 0xF8, 0x1A, 0xF0, 0x1E, 0xF0, 0x20, 0xF0, 
0x1B, 0xF0, 0x1B, 0xF0, 0x11, 0xF8, 0x0F, 0xF8, 0x1B, 0xF0, 0x1E, 0xF0, 0x10, 0xF8, 0x0D, 0xF8, 
0x1C, 0xF0, 0x1F, 0xF0, 0x0F, 0xF8, 0x0C, 0xF8, 0x1D, 0xF0, 0x1F, 0xF0, 0x1D, 0xF0, 0x1C, 0xF0, 
0x1D, 0xF0, 0x1E, 0xF0, 0x1D, 0xF0, 0x1D, 0xF0, 0x0F, 0xF8, 0x0D, 0xF8, 0x1C, 0xF0, 0x1F, 0xF0, 
0x10, 0xF8, 0x0C, 0xF8, 0x1B, 0xF0, 0x20, 0xF0, 0x11, 0xF8, 0x1B, 0xF0, 0x1B, 0xF0, 0x1E, 0xF0, 
0x1E, 0xF0, 0x1D, 0xF0, 0x0F, 0xF8, 0x0E, 0xF8, 0x1C, 0xF0, 0x1D, 0xF0, 0x0F, 0xF8, 0x0E, 0xF8, 
0x0F, 0xF8, 0x10, 0xF8, 0x0E, 0xF8, 0x0D, 0xF8, 0x0F, 0xF8, 0x10, 0xF8, 0x1D, 0xF0, 0x1C, 0xF0, 
0x0E, 0xF8, 0x0E, 0xF8, 0x0F, 0xF8, 0x10, 0xF8, 0x0F, 0xF8, 0x0E, 0xF8, 0x0E, 0xF8, 0x0D, 0xF8, 
0x0F, 0xF8, 0x11, 0xF8, 0x0E, 0xF8, 0x0D, 0xF8, 0x0F, 0xF8, 0x0F, 0xF8, 0x0E, 0xF8, 0x0F, 0xF8, 
0x10, 0xF8, 0x0D, 0xF8, 0x0C, 0xF8, 0x10, 0xF8, 0x11, 0xF8, 0x0E, 0xF8, 0x0D, 0xF8, 0x0E, 0xF8, 
0x0F, 0xF8, 0x10, 0xF8, 0x0F, 0xF8, 0x0C, 0xF8, 0x0D, 0xF8, 0x12, 0xF8, 0x10, 0xF8, 0x0C, 0xF8, 
0x0D, 0xF8, 0x0E, 0xF8, 0x10, 0xF8, 0x11, 0xF8, 0x0D, 0xF8, 0x0C, 0xF8, 0x11, 0xF8, 0x11, 0xF8, 
0x0B, 0xF8, 0x0C, 0xF8, 0x04, 0x00, 0x03, 0x00, 0x0A, 0xF8, 0x0B, 0xF8, 0x12, 0xF8, 0x12, 0xF8, 
0x0C, 0xF8, 0x0C, 0xF8, 0x11, 0xF8, 0x0F, 0xF8, 0x0D, 0xF8, 0x10, 0xF8, 0x0F, 0xF8, 0x0C, 0xF8, 
0x0E, 0xF8, 0x11, 0xF8, 0x0E, 0xF8, 0x0D, 0xF8, 0x11, 0xF8, 0x0F, 0xF8, 0x0C, 0xF8, 0x0E, 0xF8, 
0x10, 0xF8, 0x0F, 0xF8, 0xFF, 0xFF, 0xFF, 0xFF, 0x0F, 0xF8, 0x11, 0xF8, 0x00, 0x00, 0xFD, 0xFF, 
0x0F, 0xF8, 0x10, 0xF8, 0x0E, 0xF8, 0x0E, 0xF8, 0x0F, 0xF8, 0x0F, 0xF8, 0x0E, 0xF8, 0x0F, 0xF8, 
0x00, 0x00, 0x00, 0x00, 0x0F, 0xF8, 0x0C, 0xF8, 0x00, 0x00, 0x03, 0x00, 0x0E, 0xF8, 0x0C, 0xF8, 
0x01, 0x00, 0x03, 0x00, 0xFE, 0xFF, 0xFD, 0xFF, 0x02, 0x00, 0x03, 0x00, 0xFF, 0xFF, 0xFD, 0xFF, 
0x00, 0x00, 0x02, 0x00, 0x01, 0x00, 0xFF, 0xFF, 0xFE, 0xFF, 0x00, 0x00, 0x03, 0x00, 0x01, 0x00, 
0xFB, 0xFF, 0xFF, 0xFF, 0x06, 0x00, 0x01, 0x00, 0xFB, 0xFF, 0xFF, 0xFF, 0x04, 0x00, 0x00, 0x00, 
0xFE, 0xFF, 0x01, 0x00, 0x0E, 0xF8, 0x0D, 0xF8, 0x01, 0x00, 0x02, 0x00, 0x00, 0x00, 0xFE, 0xFF, 
0x00, 0x00, 0x01, 0x00, 0x00, 0x00, 0x00, 0x00, 0xFF, 0xFF, 0x01, 0x00, 0x02, 0x00, 0xFE, 0xFF, 
0xFE, 0xFF, 0x02, 0x00, 0x02, 0x00, 0xFD, 0xFF, 0xFE, 0xFF, 0x03, 0x00, 0x02, 0x00, 0xFF, 0xFF, 
0xFF, 0xFF, 0x00, 0x00, 0x00, 0x00, 0x00, 0x00, 0x00, 0x00, 0xFF, 0xFF, 0x00, 0x00, 0x01, 0x00, 
0x00, 0x00, 0xFF, 0xFF, 0x01, 0x00, 0x02, 0x00, 0xFE, 0xFF, 0xFD, 0xFF, 0x03, 0x00, 0x03, 0x00, 
0x0B, 0xF8, 0x0B, 0xF8, 0x03, 0x00, 0x04, 0x00, 0xFE, 0xFF, 0xFD, 0xFF, 0x0F, 0xF8, 0x10, 0xF8, 
0x01, 0x00, 0xFF, 0xFF, 0xFF, 0xFF, 0x01, 0x00, 0x00, 0x00, 0xFF, 0xFF, 0x0F, 0xF8, 0x10, 0xF8, 
0x00, 0x00, 0xFF, 0xFF, 0xFF, 0xFF, 0x00, 0x00, 0x02, 0x00, 0x01, 0x00, 0xFE, 0xFF, 0xFE, 0xFF, 
0x01, 0x00, 0x02, 0x00, 0x01, 0x00, 0xFF, 0xFF, 0xFD, 0xFF, 0x00, 0x00, 0x04, 0x00, 0x01, 0x00, 
0xFD, 0xFF, 0xFE, 0xFF, 0x01, 0x00, 0x03, 0x00, 0x00, 0x00, 0xFC, 0xFF, 0xFF, 0xFF, 0x04, 0x00, 
0x01, 0x00, 0xFC, 0xFF, 0x01, 0x00, 0x04, 0x00, 0xFE, 0xFF, 0xFD, 0xFF, 0x01, 0x00, 0x01, 0x00, 
0x00, 0x00, 0x01, 0x00, 0xFF, 0xFF, 0xFD, 0xFF, 0x10, 0xF8, 0x13, 0xF8, 0x00, 0x00, 0xFB, 0xFF, 
0xFF, 0xFF, 0x05, 0x00, 0x01, 0x00, 0xFC, 0xFF, 0xFF, 0xFF, 0x03, 0x00, 0x00, 0x00, 0x0D, 0xF8, 
0x02, 0x00, 0x00, 0x00, 0x0B, 0xF8, 0x0F, 0xF8, 0x04, 0x00, 0xFF, 0xFF, 0xFC, 0xFF, 0x01, 0x00, 
0x04, 0x00, 0x00, 0x00, 0xFC, 0xFF, 0x00, 0x00, 0x04, 0x00, 0xFF, 0xFF, 0xFC, 0xFF, 0x01, 0x00, 
0x13, 0xF8, 0x0E, 0xF8, 0xFB, 0xFF, 0x00, 0x00, 0x04, 0x00, 0x01, 0x00, 0xFE, 0xFF, 0xFE, 0xFF, 
0x01, 0x00, 0x02, 0x00, 0x0E, 0xF8, 0x0E, 0xF8, 0x00, 0x00, 0x00, 0x00, 0x00, 0x00, 0x00, 0x00, 
0x00, 0x00, 0xFF, 0xFF, 0x00, 0x00, 0x02, 0x00, 0x00, 0x00, 0xFE, 0xFF, 0x00, 0x00, 0x02, 0x00, 
0x00, 0x00, 0xFF, 0xFF, 0x0F, 0xF8, 0x0D, 0xF8, 0xFF, 0xFF, 0x04, 0x00, 0x01, 0x00, 0xFB, 0xFF, 
0x0D, 0xF8, 0x13, 0xF8, 0x02, 0x00, 0xFC, 0xFF, 0xFF, 0xFF, 0x03, 0x00, 0x0F, 0xF8, 0x0D, 0xF8, 
0xFF, 0xFF, 0x01, 0x00, 0x0F, 0xF8, 0x0E, 0xF8, 0x0E, 0xF8, 0x0E, 0xF8, 0x01, 0x00, 0x00, 0x00, 
0x00, 0x00, 0x01, 0x00, 0xFF, 0xFF, 0xFF, 0xFF, 0x0F, 0xF8, 0x01, 0x00, 0x0E, 0xF8, 0x0E, 0xF8, 
0x10, 0xF8, 0x0E, 0xF8, 0x0D, 0xF8, 0x10, 0xF8, 0x10, 0xF8, 0x0D, 0xF8, 0xFE, 0xFF, 0x02, 0x00, 
0x10, 0xF8, 0x0C, 0xF8, 0x0F, 0xF8, 0x11, 0xF8, 0x0D, 0xF8, 0x0D, 0xF8, 0x10, 0xF8, 0x0F, 0xF8, 
0xFF, 0xFF, 0x02, 0x00, 0x0F, 0xF8, 0x0A, 0xF8, 0x0E, 0xF8, 0x14, 0xF8, 0x0F, 0xF8, 0x09, 0xF8, 
0xFF, 0xFF, 0x05, 0x00, 0x02, 0x00, 0xFC, 0xFF, 0x0C, 0xF8, 0x12, 0xF8, 0x02, 0x00, 0xFC, 0xFF, 
0x0D, 0xF8, 0x13, 0xF8, 0x10, 0xF8, 0x0B, 0xF8, 0x0D, 0xF8, 0x11, 0xF8, 0x10, 0xF8, 0x0D, 0xF8, 
0x0D, 0xF8, 0x0E, 0xF8, 0x10, 0xF8, 0x10, 0xF8, 0x0D, 0xF8, 0x0E, 0xF8, 0x11, 0xF8, 0x0F, 0xF8, 
0x0B, 0xF8, 0x0E, 0xF8, 0x13, 0xF8, 0x0F, 0xF8, 0x0A, 0xF8, 0x0E, 0xF8, 0x12, 0xF8, 0x0F, 0xF8, 
0x0C, 0xF8, 0x0E, 0xF8, 0x10, 0xF8, 0x0F, 0xF8, 0x0F, 0xF8, 0x0F, 0xF8, 0x0D, 0xF8, 0x0E, 0xF8, 
0x10, 0xF8, 0x0E, 0xF8, 0x0D, 0xF8, 0x0F, 0xF8, 0x10, 0xF8, 0x0E, 0xF8, 0x00, 0x00, 0x01, 0x00, 
0x0D, 0xF8, 0x0E, 0xF8, 0x11, 0xF8, 0x0E, 0xF8, 0xFD, 0xFF, 0x01, 0x00, 0x11, 0xF8, 0x0D, 0xF8, 
0x0D, 0xF8, 0x10, 0xF8, 0x01, 0x00, 0xFF, 0xFF, 0x0E, 0xF8, 0x0F, 0xF8, 0x00, 0x00, 0x01, 0x00, 
0x0E, 0xF8, 0x0D, 0xF8, 0x10, 0xF8, 0x10, 0xF8, 0x0D, 0xF8, 0x0D, 0xF8, 0x0F, 0xF8, 0x10, 0xF8, 
0x00, 0x00, 0xFF, 0xFF, 0x0E, 0xF8, 0x0F, 0xF8, 0x10, 0xF8, 0x0F, 0xF8, 0xFF, 0xFF, 0xFF, 0xFF, 
0x0E, 0xF8, 0x0F, 0xF8, 0x0F, 0xF8, 0x0F, 0xF8, 0x0F, 0xF8, 0x0D, 0xF8, 0x0D, 0xF8, 0x11, 0xF8, 
0x11, 0xF8, 0x0C, 0xF8, 0xFD, 0xFF, 0x02, 0x00, 0x12, 0xF8, 0x0D, 0xF8, 0x0B, 0xF8, 0x0F, 0xF8, 
0x12, 0xF8, 0x0F, 0xF8, 0x0B, 0xF8, 0x0D, 0xF8, 0x03, 0x00, 0x10, 0xF8, 0xFE, 0xFF, 0xFF, 0xFF, 
0x02, 0x00, 0x01, 0x00, 0x0D, 0xF8, 0x0D, 0xF8, 0x01, 0x00, 0x02, 0x00, 0x0E, 0xF8, 0x0C, 0xF8, 
0x0E, 0xF8, 0x10, 0xF8, 0x01, 0x00, 0x00, 0x00, 0x0E, 0xF8, 0x0E, 0xF8, 0x01, 0x00, 0x01, 0x00, 
0x0E, 0xF8, 0x0D, 0xF8, 0x00, 0x00, 0x02, 0x00, 0x00, 0x00, 0xFE, 0xFF, 0x0E, 0xF8, 0x10, 0xF8, 
0x01, 0x00, 0x00, 0x00, 0x00, 0x00, 0xFE, 0xFF, 0x00, 0x00, 0x03, 0x00, 0xFF, 0xFF, 0xFE, 0xFF, 
0x02, 0x00, 0x00, 0x00, 0xFD, 0xFF, 0x02, 0x00, 0x04, 0x00, 0xFD, 0xFF, 0xFC, 0xFF, 0x03, 0x00, 
0x04, 0x00, 0xFE, 0xFF, 0xFC, 0xFF, 0x00, 0x00, 0x03, 0x00, 0x02, 0x00, 0xFE, 0xFF, 0xFD, 0xFF, 
0x10, 0xF8, 0x12, 0xF8, 0xF1, 0x07, 0xEF, 0x07, 0xFF, 0xFF, 0x00, 0x00, 0x11, 0xF8, 0x10, 0xF8, 
0xEE, 0x07, 0xF0, 0x07, 0x04, 0x00, 0x00, 0x00, 0xFC, 0xFF, 0x02, 0x00, 0x03, 0x00, 0xFC, 0xFF, 
0xFE, 0xFF, 0x05, 0x00, 0x02, 0x00, 0xFC, 0xFF, 0x0C, 0xF8, 0x11, 0xF8, 0x03, 0x00, 0xFF, 0xFF, 
0xFE, 0xFF, 0x00, 0x00, 0x00, 0x00, 0x00, 0x00, 0x01, 0x00, 0x01, 0x00, 0xFE, 0xFF, 0xFF, 0xFF, 
0x03, 0x00, 0x00, 0x00, 0xFE, 0xFF, 0x00, 0x00, 0x01, 0x00, 0x01, 0x00, 0x0D, 0xF8, 0x0D, 0xF8, 
0x02, 0x00, 0x02, 0x00, 0x0D, 0xF8, 0x0C, 0xF8, 0x10, 0xF8, 0x10, 0xF8, 0xFE, 0xFF, 0x01, 0x00, 
0x10, 0xF8, 0x0C, 0xF8, 0xFF, 0xFF, 0x02, 0x00, 0x10, 0xF8, 0x0E, 0xF8, 0xFE, 0xFF, 0x00, 0x00, 
0x01, 0x00, 0x00, 0x00, 0x0E, 0xF8, 0x0F, 0xF8, 0x01, 0x00, 0xFE, 0xFF, 0x0D, 0xF8, 0x11, 0xF8, 
0x10, 0xF8, 0x0D, 0xF8, 0xFE, 0xFF, 0x01, 0x00, 0x11, 0xF8, 0x0D, 0xF8, 0x0D, 0xF8, 0x10, 0xF8, 
0x0E, 0xF8, 0x0D, 0xF8, 0x10, 0xF8, 0x10, 0xF8, 0xFE, 0xFF, 0x0E, 0xF8, 0x11, 0xF8, 0x0E, 0xF8, 
0x0C, 0xF8, 0x10, 0xF8, 0x02, 0x00, 0xFD, 0xFF, 0x0D, 0xF8, 0x13, 0xF8, 0x01, 0x00, 0xFB, 0xFF, 
0x0E, 0xF8, 0x13, 0xF8, 0x0E, 0xF8, 0x0B, 0xF8, 0x01, 0x00, 0x03, 0x00, 0x0E, 0xF8, 0x0B, 0xF8, 
0x00, 0x00, 0x04, 0x00, 0x0E, 0xF8, 0x0B, 0xF8, 0x0F, 0xF8, 0x10, 0xF8, 0x00, 0x00, 0x00, 0x00, 
0x0F, 0xF8, 0x0E, 0xF8, 0x0D, 0xF8, 0x0F, 0xF8, 0x11, 0xF8, 0x0E, 0xF8, 0x0B, 0xF8, 0x0F, 0xF8, 
0x04, 0x00, 0x00, 0x00, 0x0C, 0xF8, 0x0F, 0xF8, 0x0F, 0xF8, 0x0E, 0xF8, 0x10, 0xF8, 0x0E, 0xF8, 
0x0C, 0xF8, 0x0F, 0xF8, 0x11, 0xF8, 0x10, 0xF8, 0x0C, 0xF8, 0x0C, 0xF8, 0x11, 0xF8, 0x11, 0xF8, 
0xFE, 0xFF, 0xFE, 0xFF, 0x0F, 0xF8, 0x0F, 0xF8, 0x0F, 0xF8, 0x11, 0xF8, 0x0E, 0xF8, 0x0A, 0xF8, 
0x1D, 0xF0, 0x21, 0xF0, 0x0F, 0xF8, 0x0C, 0xF8, 0x0E, 0xF8, 0x10, 0xF8, 0x0F, 0xF8, 0x0E, 0xF8, 
0x00, 0x00, 0x00, 0x00, 0x0E, 0xF8, 0x0F, 0xF8, 0x0F, 0xF8, 0x0E, 0xF8, 0x0F, 0xF8, 0x0F, 0xF8, 
0x0E, 0xF8, 0x0D, 0xF8, 0x0F, 0xF8, 0x10, 0xF8, 0x0D, 0xF8, 0x0E, 0xF8, 0x10, 0xF8, 0x0F, 0xF8, 
0x0D, 0xF8, 0x0E, 0xF8, 0x11, 0xF8, 0x0F, 0xF8, 0x0B, 0xF8, 0x0E, 0xF8, 0x12, 0xF8, 0x0F, 0xF8, 
0x0C, 0xF8, 0x0E, 0xF8, 0x0F, 0xF8, 0x10, 0xF8, 0x10, 0xF8, 0x0C, 0xF8, 0x0B, 0xF8, 0x12, 0xF8, 
0x13, 0xF8, 0x0B, 0xF8, 0x0B, 0xF8, 0x11, 0xF8, 0x11, 0xF8, 0x0D, 0xF8, 0xFF, 0xFF, 0x01, 0x00, 
0x0D, 0xF8, 0x0E, 0xF8, 0x11, 0xF8, 0x0F, 0xF8, 0x0D, 0xF8, 0x0E, 0xF8, 0x0F, 0xF8, 0x0E, 0xF8, 
0x0F, 0xF8, 0x10, 0xF8, 0x0E, 0xF8, 0x0D, 0xF8, 0x0D, 0xF8, 0x0F, 0xF8, 0x12, 0xF8, 0x0F, 0xF8, 
0x0B, 0xF8, 0x0E, 0xF8, 0x11, 0xF8, 0x0F, 0xF8, 0x0D, 0xF8, 0x0E, 0xF8, 0x0F, 0xF8, 0x0E, 0xF8, 
0x0F, 0xF8, 0x0F, 0xF8, 0x0F, 0xF8, 0x0F, 0xF8, 0x0D, 0xF8, 0x0E, 0xF8, 0x10, 0xF8, 0x0F, 0xF8, 
0x0D, 0xF8, 0x0D, 0xF8, 0x10, 0xF8, 0x11, 0xF8, 0x0E, 0xF8, 0x0C, 0xF8, 0x00, 0x00, 0x02, 0x00, 
0x0F, 0xF8, 0x0D, 0xF8, 0x0E, 0xF8, 0x0F, 0xF8, 0xFF, 0xFF, 0x00, 0x00, 0x02, 0x00, 0x01, 0x00, 
0x0D, 0xF8, 0x0D, 0xF8, 0x01, 0x00, 0x01, 0x00, 0x00, 0x00, 0xFF, 0xFF, 0x0D, 0xF8, 0x0F, 0xF8, 
0xF3, 0x07, 0xF2, 0x07, 0x00, 0x00, 0xFF, 0xFF, 0xFF, 0xFF, 0x02, 0x00, 0x01, 0x00, 0xFD, 0xFF, 
0x00, 0x00, 0x02, 0x00, 0xFF, 0xFF, 0xFF, 0xFF, 0x01, 0x00, 0x02, 0x00, 0x00, 0x00, 0xFD, 0xFF, 
0xFF, 0xFF, 0x04, 0x00, 0xF3, 0x07, 0xEC, 0x07, 0xFF, 0xFF, 0x05, 0x00, 0x00, 0x00, 0xFE, 0xFF, 
0x00, 0x00, 0xFF, 0xFF, 0x01, 0x00, 0x03, 0x00, 0xFF, 0xFF, 0xFC, 0xFF, 0x01, 0x00, 0x03, 0x00, 
0xFF, 0xFF, 0xFF, 0xFF, 0x00, 0x00, 0x00, 0x00, 0x01, 0x00, 0x00, 0x00, 0xFF, 0xFF, 0x00, 0x00, 
0x01, 0x00, 0x00, 0x00, 0xFF, 0xFF, 0x00, 0x00, 0x01, 0x00, 0x00, 0x00, 0xFF, 0xFF, 0x00, 0x00, 
0x10, 0xF8, 0x0E, 0xF8, 0x0D, 0xF8, 0x10, 0xF8, 0x01, 0x00, 0xFF, 0xFF, 0x0F, 0xF8, 0x0E, 0xF8, 
0x0D, 0xF8, 0x10, 0xF8, 0x10, 0xF8, 0x0C, 0xF8, 0xFF, 0xFF, 0x02, 0x00, 0x0E, 0xF8, 0x0E, 0xF8, 
0x11, 0xF8, 0x0E, 0xF8, 0x0C, 0xF8, 0x0F, 0xF8, 0x11, 0xF8, 0x0F, 0xF8, 0x0B, 0xF8, 0x0C, 0xF8, 
0x12, 0xF8, 0x12, 0xF8, 0x0B, 0xF8, 0x0C, 0xF8, 0x13, 0xF8, 0x0F, 0xF8, 0x0B, 0xF8, 0x10, 0xF8, 
0x10, 0xF8, 0x0C, 0xF8, 0x00, 0x00, 0x02, 0x00, 0x0D, 0xF8, 0x0E, 0xF8, 0x11, 0xF8, 0x0E, 0xF8, 
0x0D, 0xF8, 0x0F, 0xF8, 0x0F, 0xF8, 0x0F, 0xF8, 0x0F, 0xF8, 0x0E, 0xF8, 0x0D, 0xF8, 0x0E, 0xF8, 
0x10, 0xF8, 0x10, 0xF8, 0xFF, 0xFF, 0xFE, 0xFF, 0x0F, 0xF8, 0x11, 0xF8, 0x01, 0x00, 0xFE, 0xFF, 
0xFD, 0xFF, 0x01, 0x00, 0x04, 0x00, 0x00, 0x00, 0xED, 0x07, 0xF1, 0x07, 0x04, 0x00, 0x00, 0x00, 
0xFD, 0xFF, 0x01, 0x00, 0x03, 0x00, 0xFE, 0xFF, 0xEF, 0x07, 0xF4, 0x07, 0x01, 0x00, 0xFD, 0xFF, 
0x00, 0x00, 0x03, 0x00, 0xF1, 0x07, 0xEF, 0x07, 0x02, 0x00, 0x02, 0x00, 0xFE, 0xFF, 0xFF, 0xFF, 
0xF2, 0x07, 0xF2, 0x07, 0x00, 0x00, 0xFF, 0xFF, 0xF1, 0x07, 0xF3, 0x07, 0xF3, 0x07, 0xEF, 0x07, 
0xF1, 0x07, 0xF4, 0x07, 0xF0, 0x07, 0xF0, 0x07, 0x02, 0x00, 0x01, 0x00, 0xEF, 0x07, 0xF1, 0x07, 
0xF3, 0x07, 0xF1, 0x07, 0xF2, 0x07, 0xF2, 0x07, 0xF1, 0x07, 0xF1, 0x07, 0xF1, 0x07, 0xF2, 0x07, 
0xF3, 0x07, 0xE4, 0x0F, 0xEF, 0x07, 0xEF, 0x07, 0xF3, 0x07, 0xF4, 0x07, 0xE3, 0x0F, 0xE0, 0x0F, 
0x00, 0x00, 0x03, 0x00, 0xD4, 0x17, 0xD3, 0x17, 0x02, 0x00, 0x01, 0x00, 0xFC, 0xFF, 0xFF, 0xFF, 
0xCA, 0x1F, 0xC6, 0x1F, 0x1A, 0xF0, 0x1C, 0xF0, 0xE6, 0x0F, 0xE5, 0x0F, 0xD1, 0x17, 0xD3, 0x17, 
0x21, 0xF0, 0x1E, 0xF0, 0xD0, 0x17, 0xD5, 0x17, 0x05, 0x00, 0xFD, 0xFF, 0xFB, 0xFF, 0x03, 0x00, 
0xD8, 0x17, 0xD3, 0x17, 0x0C, 0xF8, 0x0E, 0xF8, 0xE5, 0x0F, 0xE6, 0x0F, 0xD4, 0x17, 0xCF, 0x17, 
0x1B, 0xF0, 0x23, 0xF0, 0xC9, 0x1F, 0xC1, 0x1F, 0xFD, 0xFF, 0x04, 0x00, 0x11, 0xF8, 0x0B, 0xF8, 
0xC4, 0x1F, 0xC8, 0x1F, 0x2D, 0xE8, 0x2B, 0xE8, 0xE2, 0x0F, 0xE3, 0x0F, 0xE4, 0x0F, 0xE3, 0x0F, 
0x0D, 0xF8, 0x0E, 0xF8, 0xD6, 0x17, 0xD5, 0x17, 0x0D, 0xF8, 0x0F, 0xF8, 0x02, 0x00, 0xFF, 0xFF, 
0xFE, 0xFF, 0x01, 0x00, 0x1E, 0xF0, 0x1C, 0xF0, 0xB7, 0x27, 0xB8, 0x27, 0x3A, 0xE0, 0x3A, 0xE0, 
0xF2, 0x07, 0xF2, 0x07, 0xC6, 0x1F, 0xC5, 0x1F, 0x47, 0xD8, 0x4A, 0xD8, 0xE5, 0x0F, 0xE1, 0x0F, 
0x0D, 0xF8, 0x10, 0xF8, 0x3B, 0xE0, 0x3A, 0xE0, 0xC6, 0x1F, 0xC5, 0x1F, 0x47, 0xD8, 0x4A, 0xD8, 
0x02, 0x00, 0xFE, 0xFF, 0xB6, 0x27, 0xB9, 0x27, 0x58, 0xD0, 0x56, 0xD0, 0xB7, 0x27, 0xB8, 0x27, 
0x0E, 0xF8, 0x0E, 0xF8, 0x3B, 0xE0, 0x3B, 0xE0, 0xB7, 0x27, 0xB6, 0x27, 0x56, 0xD0, 0x58, 0xD0, 
0xD7, 0x17, 0xD4, 0x17, 0xC2, 0x1F, 0xC6, 0x1F, 0x4C, 0xD8, 0x49, 0xD8, 0x99, 0x37, 0x9A, 0x37, 
0x2B, 0xE8, 0x1D, 0xF0, 0x1E, 0xF0, 0x1D, 0xF0, 0xD3, 0x17, 0xD5, 0x17, 0x59, 0xD0, 0x56, 0xD0, 
0xC4, 0x1F, 0xC7, 0x1F, 0x2E, 0xE8, 0x2B, 0xE8, 0x0C, 0xF8, 0x0E, 0xF8, 0xAB, 0x2F, 0xAA, 0x2F, 
0x63, 0xC8, 0x65, 0xC8, 0xE6, 0x0F, 0xE3, 0x0F, 0xFD, 0xFF, 0x00, 0x00, 0x78, 0xC0, 0x74, 0xC0, 
0xC3, 0x1F, 0xC7, 0x1F, 0x4A, 0xD8, 0x47, 0xD8, 0x0D, 0xF8, 0x11, 0xF8, 0xB9, 0x27, 0xB4, 0x27, 
0x48, 0xD8, 0x4C, 0xD8, 0xB8, 0x27, 0xB5, 0x27, 0x1D, 0xF0, 0x1F, 0xF0, 0x48, 0xD8, 0x46, 0xD8, 
0xA9, 0x2F, 0xAC, 0x2F, 0x75, 0xC0, 0x71, 0xC0, 0xF0, 0x07, 0xF5, 0x07, 0xD6, 0x17, 0xD0, 0x17, 
0x65, 0xC8, 0x6A, 0xC8, 0xA8, 0x2F, 0xA5, 0x2F, 0x10, 0xF8, 0x13, 0xF8, 0x0C, 0xF8, 0x0A, 0xF8, 
0xE6, 0x0F, 0xE5, 0x0F, 0x29, 0xE8, 0x2B, 0xE8, 0xD7, 0x17, 0xD4, 0x17, 0x1A, 0xF0, 0x1F, 0xF0, 
0x03, 0x00, 0xFE, 0xFF, 0xB5, 0x27, 0xB9, 0x27, 0x67, 0xC8, 0x63, 0xC8, 0xE2, 0x0F, 0xE7, 0x0F, 
0x01, 0x00, 0xFB, 0xFF, 0x74, 0xC0, 0x7A, 0xC0, 0xB7, 0x27, 0xB1, 0x27, 0x49, 0xD8, 0x4F, 0xD8, 
0xF1, 0x07, 0xED, 0x07, 0xA9, 0x2F, 0xAB, 0x2F, 0x57, 0xD0, 0x57, 0xD0, 0xB7, 0x27, 0xB6, 0x27, 
0x3B, 0xE0, 0x3B, 0xE0, 0x39, 0xE0, 0x3B, 0xE0, 0xC8, 0x1F, 0xC4, 0x1F, 0x80, 0xB8, 0x85, 0xB8, 
0xC8, 0x1F, 0xC4, 0x1F, 0xC5, 0x1F, 0xC7, 0x1F, 0x65, 0xC8, 0x65, 0xC8, 0x80, 0x47, 0x7E, 0x47, 
0x19, 0xF0, 0x1C, 0xF0, 0x30, 0xE8, 0x3B, 0xE0, 0xD0, 0x17, 0xD4, 0x17, 0x3F, 0xE0, 0x3B, 0xE0, 
0xEC, 0x07, 0xF0, 0x07, 0x14, 0xF8, 0x10, 0xF8, 0x09, 0xF8, 0x0D, 0xF8, 0xCB, 0x1F, 0xC8, 0x1F, 
0x37, 0xE0, 0x38, 0xE0, 0x01, 0x00, 0x01, 0x00, 0xB7, 0x27, 0xB7, 0x27, 0x66, 0xC8, 0x66, 0xC8, 
0xD4, 0x17, 0xD5, 0x17, 0x0F, 0xF8, 0x0E, 0xF8, 0x3A, 0xE0, 0x3A, 0xE0, 0xD3, 0x17, 0xD3, 0x17, 
0x3D, 0xE0, 0x3E, 0xE0, 0x0B, 0xF8, 0x0A, 0xF8, 0x12, 0xF8, 0x12, 0xF8, 0x29, 0xE8, 0x2A, 0xE8, 
0xD6, 0x17, 0xD5, 0x17, 0x1B, 0xF0, 0x1C, 0xF0, 0x1F, 0xF0, 0x1F, 0xF0, 0xD4, 0x17, 0xD1, 0x17, 
0x66, 0xC8, 0x6A, 0xC8, 0x00, 0x00, 0xFD, 0xFF, 0x0D, 0xF8, 0x0F, 0xF8, 0x76, 0xC0, 0x75, 0xC0, 
0xE1, 0x0F, 0xE2, 0x0F, 0x11, 0xF8, 0x0F, 0xF8, 0x38, 0xE0, 0x3B, 0xE0, 0xD5, 0x17, 0xD2, 0x17, 
0x49, 0xD8, 0x4B, 0xD8, 0x1C, 0xF0, 0x1C, 0xF0, 0x4A, 0xD8, 0x49, 0xD8, 0x81, 0xB8, 0x82, 0xB8, 
0xF3, 0x07, 0xF3, 0x07, 0x81, 0xB8, 0x80, 0xB8, 0x1E, 0xF0, 0x21, 0xF0, 0xE3, 0x0F, 0xDF, 0x0F, 
0x48, 0xD8, 0x4B, 0xD8, 0xE4, 0x0F, 0xE3, 0x0F, 0x2B, 0xE8, 0x2A, 0xE8, 0x74, 0xC0, 0x77, 0xC0, 
0x2B, 0xE8, 0x29, 0xE8, 0x75, 0xC0, 0x75, 0xC0, 0x3A, 0xE0, 0x3B, 0xE0, 0x1D, 0xF0, 0x1C, 0xF0, 
0x2C, 0xE8, 0x2C, 0xE8, 0xF0, 0x07, 0xF2, 0x07, 0x4A, 0xD8, 0x48, 0xD8, 0x0E, 0xF8, 0x0E, 0xF8, 
0x00, 0x00, 0x01, 0x00, 0x92, 0xB0, 0x90, 0xB0, 0xF0, 0x07, 0xF2, 0x07, 0x10, 0xF8, 0x0F, 0xF8, 
0x82, 0xB8, 0x82, 0xB8, 0xE3, 0x0F, 0xE3, 0x0F, 0x48, 0xD8, 0x48, 0xD8, 0x4A, 0xD8, 0x49, 0xD8, 
0x0D, 0xF8, 0x0F, 0xF8, 0x3B, 0xE0, 0x39, 0xE0, 0xF2, 0x07, 0xF3, 0x07, 0x0C, 0xF8, 0x0D, 0xF8, 
0x21, 0xF0, 0x1E, 0xF0, 0xD0, 0x17, 0xD3, 0x17, 0x4C, 0xD8, 0x4B, 0xD8, 0x1B, 0xF0, 0x1A, 0xF0, 
0x10, 0xF8, 0x12, 0xF8, 0x65, 0xC8, 0x62, 0xC8, 0xF2, 0x07, 0xF5, 0x07, 0xF0, 0x07, 0xEE, 0x07, 
0x10, 0xF8, 0x12, 0xF8, 0xA9, 0x2F, 0xA6, 0x2F, 0xF0, 0x07, 0xF4, 0x07, 0xE5, 0x0F, 0xE1, 0x0F, 
0x1B, 0xF0, 0x1E, 0xF0, 0x02, 0x00, 0xFF, 0xFF, 0xF0, 0x07, 0xF3, 0x07, 0x59, 0xD0, 0x56, 0xD0, 
0xD2, 0x17, 0xD5, 0x17, 0xF4, 0x07, 0xF1, 0x07, 0xEF, 0x07, 0xF2, 0x07, 0xAB, 0x2F, 0xA7, 0x2F, 
0xF0, 0x07, 0xF4, 0x07, 0x01, 0x00, 0xFD, 0xFF, 0xE3, 0x0F, 0xE6, 0x0F, 0x1D, 0xF0, 0x1B, 0xF0, 
0xF1, 0x07, 0xF3, 0x07, 0xF2, 0x07, 0xEF, 0x07, 0xFE, 0xFF, 0x03, 0x00, 0x9D, 0x37, 0x97, 0x37, 
0xD3, 0x17, 0xD8, 0x17, 0xE3, 0x0F, 0xE0, 0x0F, 0xA9, 0x2F, 0xAB, 0x2F, 0x1D, 0xF0, 0x1C, 0xF0, 
0xF0, 0x07, 0xF2, 0x07, 0xD8, 0x17, 0xD5, 0x17, 0x0A, 0xF8, 0x0D, 0xF8, 0xC9, 0x1F, 0xC7, 0x1F, 
0xB6, 0x27, 0xB7, 0x27, 0xC6, 0x1F, 0xC7, 0x1F, 0xB9, 0x27, 0xB7, 0x27, 0xB5, 0x27, 0xB6, 0x27, 
0x03, 0x00, 0x02, 0x00, 0xEE, 0x07, 0xEF, 0x07, 0xE6, 0x0F, 0xE6, 0x0F, 0xEF, 0x07, 0xF0, 0x07, 
0x02, 0x00, 0x00, 0x00, 0xFF, 0xFF, 0xFF, 0xFF, 0xD5, 0x17, 0xD7, 0x17, 0xF1, 0x07, 0xEE, 0x07, 
0x01, 0x00, 0x04, 0x00, 0xEF, 0x07, 0xEE, 0x07, 0x03, 0x00, 0x02, 0x00, 0xFD, 0xFF, 0xFF, 0xFF, 
0x12, 0xF8, 0x0F, 0xF8, 0xEE, 0x07, 0xF1, 0x07, 0x12, 0xF8, 0x10, 0xF8, 0x27, 0xE8, 0x29, 0xE8, 
0xE8, 0x0F, 0xE5, 0x0F, 0x44, 0xD8, 0x48, 0xD8, 0x22, 0xF0, 0x1C, 0xF0, 0x0A, 0xF8, 0x11, 0xF8, 
0x2F, 0xE8, 0x28, 0xE8, 0xEE, 0x07, 0xF5, 0x07, 0xE7, 0x0F, 0xE1, 0x0F, 0x1A, 0xF0, 0x1E, 0xF0, 
0x02, 0x00, 0xFF, 0xFF, 0x1C, 0xF0, 0x1F, 0xF0, 0x66, 0xC8, 0x62, 0xC8, 0x3A, 0xE0, 0x3F, 0xE0, 
0x58, 0xD0, 0x52, 0xD0, 0x39, 0xE0, 0x3E, 0xE0, 0x1E, 0xF0, 0x1B, 0xF0, 0x0D, 0xF8, 0x10, 0xF8, 
0x02, 0x00, 0xFE, 0xFF, 0x2A, 0xE8, 0x2D, 0xE8, 0x4B, 0xD8, 0x47, 0xD8, 0x46, 0xD8, 0x4B, 0xD8, 
0x67, 0xC8, 0x64, 0xC8, 0x73, 0xC0, 0x75, 0xC0, 0x59, 0xD0, 0x57, 0xD0, 0x2A, 0xE8, 0x2A, 0xE8, 
0x49, 0xD8, 0x4C, 0xD8, 0x1E, 0xF0, 0x1A, 0xF0, 0x1B, 0xF0, 0x1F, 0xF0, 0x5A, 0xD0, 0x56, 0xD0, 
0x37, 0xE0, 0x3A, 0xE0, 0x59, 0xD0, 0x58, 0xD0, 0x48, 0xD8, 0x48, 0xD8, 0x3A, 0xE0, 0x3A, 0xE0, 
0x1E, 0xF0, 0x1E, 0xF0, 0x2A, 0xE8, 0x29, 0xE8, 0x10, 0xF8, 0x13, 0xF8, 0x2A, 0xE8, 0x26, 0xE8, 
0x4A, 0xD8, 0x4E, 0xD8, 0x3A, 0xE0, 0x35, 0xE0, 0x56, 0xD0, 0x5B, 0xD0, 0x3C, 0xE0, 0x39, 0xE0, 
0x38, 0xE0, 0x39, 0xE0, 0x2D, 0xE8, 0x2E, 0xE8, 0x1D, 0xF0, 0x19, 0xF0, 0x1C, 0xF0, 0x22, 0xF0, 
0x2D, 0xE8, 0x27, 0xE8, 0x39, 0xE0, 0x3E, 0xE0, 0x2C, 0xE8, 0x29, 0xE8, 0x49, 0xD8, 0x49, 0xD8, 
0x2B, 0xE8, 0x2D, 0xE8, 0x0F, 0xF8, 0x0D, 0xF8, 0x48, 0xD8, 0x49, 0xD8, 0x2C, 0xE8, 0x2C, 0xE8, 
0x1D, 0xF0, 0x1C, 0xF0, 0x3A, 0xE0, 0x3C, 0xE0, 0x2B, 0xE8, 0x29, 0xE8, 0x1E, 0xF0, 0x20, 0xF0, 
0x1C, 0xF0, 0x1A, 0xF0, 0x02, 0x00, 0x02, 0x00, 0xEE, 0x07, 0xF1, 0x07, 0x20, 0xF0, 0x1C, 0xF0, 
0xFE, 0xFF, 0x02, 0x00, 0x2D, 0xE8, 0x29, 0xE8, 0x3A, 0xE0, 0x3C, 0xE0, 0x0E, 0xF8, 0x0E, 0xF8, 
0x3A, 0xE0, 0x39, 0xE0, 0x0E, 0xF8, 0x11, 0xF8, 0x10, 0xF8, 0x0C, 0xF8, 0xFE, 0xFF, 0x02, 0x00, 
0xE6, 0x0F, 0xE1, 0x0F, 0x0B, 0xF8, 0x11, 0xF8, 0x20, 0xF0, 0x1A, 0xF0, 0x0D, 0xF8, 0x13, 0xF8, 
0x1D, 0xF0, 0x17, 0xF0, 0x2D, 0xE8, 0x31, 0xE8, 0x0C, 0xF8, 0x0C, 0xF8, 0x20, 0xF0, 0x1D, 0xF0, 
0x0C, 0xF8, 0x10, 0xF8, 0xE5, 0x0F, 0xE0, 0x0F, 0xFF, 0xFF, 0x02, 0x00, 0xF0, 0x07, 0xF2, 0x07, 
0x04, 0x00, 0xFE, 0xFF, 0xFB, 0xFF, 0x02, 0x00, 0xF6, 0x07, 0xEF, 0x07, 0xFD, 0xFF, 0x02, 0x00, 
0x02, 0x00, 0x00, 0x00, 0x0D, 0xF8, 0x0D, 0xF8, 0xD6, 0x17, 0xD7, 0x17, 0x0D, 0xF8, 0x0A, 0xF8, 
0xF3, 0x07, 0xF7, 0x07, 0xE2, 0x0F, 0xDF, 0x0F, 0x00, 0x00, 0x02, 0x00, 0xD5, 0x17, 0xD5, 0x17, 
0xF1, 0x07, 0xEF, 0x07, 0xD5, 0x17, 0xD7, 0x17, 0xE2, 0x0F, 0xE2, 0x0F, 0x0F, 0xF8, 0x0E, 0xF8, 
0x00, 0x00, 0x01, 0x00, 0x00, 0x00, 0xFF, 0xFF, 0x0E, 0xF8, 0x0F, 0xF8, 0x10, 0xF8, 0x0E, 0xF8, 
0xE0, 0x0F, 0xE4, 0x0F, 0xE6, 0x0F, 0xE2, 0x0F, 0xF0, 0x07, 0xF2, 0x07, 0xD4, 0x17, 0xD4, 0x17, 
0x02, 0x00, 0x00, 0x00, 0xE0, 0x0F, 0xE3, 0x0F, 0xF4, 0x07, 0xF3, 0x07, 0xF0, 0x07, 0xEF, 0x07, 
0xD6, 0x17, 0xD7, 0x17, 0xE1, 0x0F, 0xE1, 0x0F, 0xD7, 0x17, 0xD6, 0x17, 0xD2, 0x17, 0xD3, 0x17, 
0xD6, 0x17, 0xD6, 0x17, 0x1C, 0xF0, 0x1B, 0xF0, 0xF3, 0x07, 0xF4, 0x07, 0xFE, 0xFF, 0xFE, 0xFF, 
0x11, 0xF8, 0x0F, 0xF8, 0xD2, 0x17, 0xD6, 0x17, 0xF2, 0x07, 0xEF, 0x07, 0xC8, 0x1F, 0xC8, 0x1F, 
0xD2, 0x17, 0xD3, 0x17, 0x01, 0x00, 0x01, 0x00, 0xF2, 0x07, 0xF1, 0x07, 0x0D, 0xF8, 0x0F, 0xF8, 
0x1F, 0xF0, 0x1C, 0xF0, 0x0E, 0xF8, 0x0F, 0xF8, 0xF0, 0x07, 0xF2, 0x07, 0x02, 0x00, 0x00, 0x00, 
0xE2, 0x0F, 0xE2, 0x0F, 0xE4, 0x0F, 0xE4, 0x0F, 0xF0, 0x07, 0xF1, 0x07, 0xF3, 0x07, 0xF2, 0x07, 
0x0D, 0xF8, 0x0E, 0xF8, 0xF3, 0x07, 0xF2, 0x07, 0xE3, 0x0F, 0xE1, 0x0F, 0xF0, 0x07, 0xF6, 0x07, 
0x02, 0x00, 0xFB, 0xFF, 0xF0, 0x07, 0xF6, 0x07, 0xE3, 0x0F, 0xDF, 0x0F, 0x1F, 0xF0, 0x1F, 0xF0, 
0xFD, 0xFF, 0x00, 0x00, 0x12, 0xF8, 0x0E, 0xF8, 0xFD, 0xFF, 0x02, 0x00, 0xE4, 0x0F, 0xE0, 0x0F, 
0x00, 0x00, 0x02, 0x00, 0xE3, 0x0F, 0xE2, 0x0F, 0x0F, 0xF8, 0x0F, 0xF8, 0x2B, 0xE8, 0x2C, 0xE8, 
0x2B, 0xE8, 0x2B, 0xE8, 0x1E, 0xF0, 0x1D, 0xF0, 0x2B, 0xE8, 0x2C, 0xE8, 0x1D, 0xF0, 0x1C, 0xF0, 
0xF1, 0x07, 0xF3, 0x07, 0x01, 0x00, 0xFF, 0xFF, 0xE1, 0x0F, 0xE3, 0x0F, 0x03, 0x00, 0x01, 0x00, 
0x29, 0xE8, 0x2A, 0xE8, 0x1E, 0xF0, 0x1E, 0xF0, 0x2C, 0xE8, 0x2C, 0xE8, 0x2A, 0xE8, 0x2A, 0xE8, 
0x10, 0xF8, 0x10, 0xF8, 0x0E, 0xF8, 0x0E, 0xF8, 0x0E, 0xF8, 0x0E, 0xF8, 0xF3, 0x07, 0xF3, 0x07, 
0xFF, 0xFF, 0xFE, 0xFF, 0x1D, 0xF0, 0x1E, 0xF0, 0x00, 0x00, 0x00, 0x00, 0x2C, 0xE8, 0x2B, 0xE8, 
0x1C, 0xF0, 0x1E, 0xF0, 0x03, 0x00, 0xFF, 0xFF, 0x0A, 0xF8, 0x10, 0xF8, 0x05, 0x00, 0xFE, 0xFF, 
0x18, 0xF0, 0x1F, 0xF0, 0x21, 0xF0, 0x1B, 0xF0, 0x1B, 0xF0, 0x1F, 0xF0, 0x2C, 0xE8, 0x2B, 0xE8, 
0x2C, 0xE8, 0x2C, 0xE8, 0x0D, 0xF8, 0x1C, 0xF0, 0x02, 0x00, 0x01, 0x00, 0x1C, 0xF0, 0x1C, 0xF0, 
0x00, 0x00, 0x02, 0x00, 0x1D, 0xF0, 0x1B, 0xF0, 0x00, 0x00, 0x02, 0x00, 0xF1, 0x07, 0xEF, 0x07, 
0x1F, 0xF0, 0x20, 0xF0, 0xFD, 0xFF, 0xFD, 0xFF, 0x03, 0x00, 0x03, 0x00, 0xFE, 0xFF, 0xFE, 0xFF, 
0x1E, 0xF0, 0x1E, 0xF0, 0xF1, 0x07, 0xF1, 0x07, 0x1D, 0xF0, 0x1E, 0xF0, 0x1D, 0xF0, 0x1B, 0xF0, 
0xF2, 0x07, 0xF5, 0x07, 0x1D, 0xF0, 0x1A, 0xF0, 0xE3, 0x0F, 0xE5, 0x0F, 0xFF, 0xFF, 0xFF, 0xFF, 
0x02, 0x00, 0x00, 0x00, 0xFD, 0xFF, 0x00, 0x00, 0x20, 0xF0, 0x1E, 0xF0, 0x0C, 0xF8, 0x0E, 0xF8, 
0x2E, 0xE8, 0x2B, 0xE8, 0x0D, 0xF8, 0x10, 0xF8, 0x1E, 0xF0, 0x1B, 0xF0, 0x0E, 0xF8, 0x11, 0xF8, 
0x0E, 0xF8, 0x0C, 0xF8, 0x00, 0x00, 0x02, 0x00, 0x01, 0x00, 0xFF, 0xFF, 0x1C, 0xF0, 0x1D, 0xF0, 
0x02, 0x00, 0x02, 0x00, 0x1A, 0xF0, 0x19, 0xF0, 0x1F, 0xF0, 0x21, 0xF0, 0x0E, 0xF8, 0x0C, 0xF8, 
0xFF, 0xFF, 0x01, 0x00, 0x11, 0xF8, 0x0F, 0xF8, 0x0B, 0xF8, 0x0D, 0xF8, 0xF5, 0x07, 0xF2, 0x07, 
0x1A, 0xF0, 0x1E, 0xF0, 0xF4, 0x07, 0xF1, 0x07, 0xFE, 0xFF, 0xFF, 0xFF, 0x1F, 0xF0, 0x1F, 0xF0, 
0xE1, 0x0F, 0xE0, 0x0F, 0x10, 0xF8, 0x13, 0xF8, 0x1B, 0xF0, 0x19, 0xF0, 0x12, 0xF8, 0x11, 0xF8, 
0x19, 0xF0, 0x1B, 0xF0, 0x21, 0xF0, 0x1F, 0xF0, 0x1A, 0xF0, 0x1D, 0xF0, 0x10, 0xF8, 0x0D, 0xF8, 
0x1D, 0xF0, 0x1E, 0xF0, 0xF0, 0x07, 0xF1, 0x07, 0x11, 0xF8, 0x0E, 0xF8, 0xFE, 0xFF, 0x03, 0x00, 
0x02, 0x00, 0xFB, 0xFF, 0x29, 0xE8, 0x31, 0xE8, 0x11, 0xF8, 0x08, 0xF8, 0x1B, 0xF0, 0x24, 0xF0, 
0x10, 0xF8, 0x08, 0xF8, 0x0E, 0xF8, 0x14, 0xF8, 0x00, 0x00, 0xFC, 0xFF, 0x01, 0x00, 0x02, 0x00, 
0xFE, 0xFF, 0xFF, 0xFF, 0x02, 0x00, 0x00, 0x00, 0x29, 0xE8, 0x2C, 0xE8, 0x03, 0x00, 0x00, 0x00, 
0x0D, 0xF8, 0x0E, 0xF8, 0x00, 0x00, 0x01, 0x00, 0xF2, 0x07, 0xF0, 0x07, 0xE2, 0x0F, 0xE5, 0x0F, 
0xF2, 0x07, 0xEF, 0x07, 0x1E, 0xF0, 0x20, 0xF0, 0xFE, 0xFF, 0xFC, 0xFF, 0x2E, 0xE8, 0x31, 0xE8, 
0x29, 0xE8, 0x27, 0xE8, 0x2D, 0xE8, 0x2E, 0xE8, 0x1D, 0xF0, 0x1C, 0xF0, 0xE3, 0x0F, 0xE3, 0x0F, 
0xFF, 0xFF, 0x01, 0x00, 0xE4, 0x0F, 0xE2, 0x0F, 0xF1, 0x07, 0xF2, 0x07, 0x1D, 0xF0, 0x1D, 0xF0, 
0xF2, 0x07, 0xF1, 0x07, 0x0E, 0xF8, 0x10, 0xF8, 0x0E, 0xF8, 0x0C, 0xF8, 0xF3, 0x07, 0xF5, 0x07, 
0xFE, 0xFF, 0xFC, 0xFF, 0xF3, 0x07, 0xF5, 0x07, 0xE2, 0x0F, 0xE0, 0x0F, 0x00, 0x00, 0x02, 0x00, 
0x01, 0x00, 0x00, 0x00, 0xFF, 0xFF, 0xFF, 0xFF, 0x01, 0x00, 0x01, 0x00, 0xF0, 0x07, 0xF1, 0x07, 
0xF3, 0x07, 0xF2, 0x07, 0xD3, 0x17, 0xD4, 0x17, 0xE5, 0x0F, 0xE3, 0x0F, 0xFF, 0xFF, 0x00, 0x00, 
0x00, 0x00, 0x01, 0x00, 0x1D, 0xF0, 0x1C, 0xF0, 0x0E, 0xF8, 0x10, 0xF8, 0x10, 0xF8, 0x0D, 0xF8, 
0xFF, 0xFF, 0xFF, 0xFF, 0xD5, 0x17, 0xD7, 0x17, 0xF1, 0x07, 0xEF, 0x07, 0xE3, 0x0F, 0xE5, 0x0F, 
0x00, 0x00, 0x00, 0x00, 0x1E, 0xF0, 0x1B, 0xF0, 0x0D, 0xF8, 0x10, 0xF8, 0x1E, 0xF0, 0x0E, 0xF8, 
0x00, 0x00, 0x00, 0x00, 0xF0, 0x07, 0xF2, 0x07, 0xE6, 0x0F, 0xE3, 0x0F, 0xDF, 0x0F, 0xE2, 0x0F, 
0xD8, 0x17, 0xD6, 0x17, 0xEF, 0x07, 0xEF, 0x07, 0xF3, 0x07, 0xF5, 0x07, 0x00, 0x00, 0xFC, 0xFF, 
0x0E, 0xF8, 0x13, 0xF8, 0x00, 0x00, 0xFB, 0xFF, 0x01, 0x00, 0x05, 0x00, 0xF0, 0x07, 0xEE, 0x07, 
0x01, 0x00, 0x02, 0x00, 0x01, 0x00, 0xFE, 0xFF, 0xFD, 0xFF, 0x01, 0x00, 0x04, 0x00, 0x01, 0x00, 
0xFD, 0xFF, 0xFF, 0xFF, 0x0F, 0xF8, 0x0F, 0xF8, 0xF3, 0x07, 0xF0, 0x07, 0xEF, 0x07, 0xF3, 0x07, 
0x11, 0xF8, 0x0E, 0xF8, 0xE1, 0x0F, 0xE4, 0x0F, 0xF3, 0x07, 0xF0, 0x07, 0xFE, 0xFF, 0x01, 0x00, 
0xF4, 0x07, 0xF1, 0x07, 0xFE, 0xFF, 0x00, 0x00, 0x00, 0x00, 0x00, 0x00, 0x01, 0x00, 0x01, 0x00, 
0xFF, 0xFF, 0xFE, 0xFF, 0x10, 0xF8, 0x12, 0xF8, 0xFE, 0xFF, 0xFB, 0xFF, 0x02, 0x00, 0x05, 0x00, 
0xEF, 0x07, 0xEE, 0x07, 0xD7, 0x17, 0xD6, 0x17, 0xE1, 0x0F, 0xE3, 0x0F, 0xE5, 0x0F, 0xE2, 0x0F, 
0xEF, 0x07, 0xF2, 0x07, 0x02, 0x00, 0x00, 0x00, 0x2B, 0xE8, 0x2C, 0xE8, 0x2B, 0xE8, 0x2A, 0xE8, 
0x1E, 0xF0, 0x1F, 0xF0, 0x1C, 0xF0, 0x1B, 0xF0, 0x01, 0x00, 0x02, 0x00, 0x00, 0x00, 0xFE, 0xFF, 
0xE3, 0x0F, 0xE5, 0x0F, 0xFF, 0xFF, 0xFE, 0xFF, 0x0F, 0xF8, 0x10, 0xF8, 0x00, 0x00, 0x00, 0x00, 
0x2C, 0xE8, 0x2B, 0xE8, 0x0E, 0xF8, 0x0F, 0xF8, 0x1D, 0xF0, 0x1C, 0xF0, 0x1C, 0xF0, 0x1E, 0xF0, 
0xF4, 0x07, 0x00, 0x00, 0xFD, 0xFF, 0x00, 0x00, 0x03, 0x00, 0x00, 0x00, 0x0C, 0xF8, 0xFF, 0xFF, 
0x0F, 0xF8, 0x10, 0xF8, 0x10, 0xF8, 0x0E, 0xF8, 0xFE, 0xFF, 0xFF, 0xFF, 0x11, 0xF8, 0x10, 0xF8, 
0x0C, 0xF8, 0x0D, 0xF8, 0x01, 0x00, 0x02, 0x00, 0x0F, 0xF8, 0x0D, 0xF8, 0x0E, 0xF8, 0x0E, 0xF8, 
0x1D, 0xF0, 0x1E, 0xF0, 0x0F, 0xF8, 0x0E, 0xF8, 0x0D, 0xF8, 0x0F, 0xF8, 0x11, 0xF8, 0x0F, 0xF8, 
0xFE, 0xFF, 0xFE, 0xFF, 0x1E, 0xF0, 0x1F, 0xF0, 0x0E, 0xF8, 0x0E, 0xF8, 0x2C, 0xE8, 0x2B, 0xE8, 
0x1E, 0xF0, 0x1F, 0xF0, 0x1B, 0xF0, 0x19, 0xF0, 0x2D, 0xE8, 0x31, 0xE8, 0x1C, 0xF0, 0x18, 0xF0, 
0x0F, 0xF8, 0x13, 0xF8, 0x01, 0x00, 0xFC, 0xFF, 0xFE, 0xFF, 0x03, 0x00, 0x02, 0x00, 0xFF, 0xFF, 
0xFF, 0xFF, 0xFF, 0xFF, 0x0E, 0xF8, 0x11, 0xF8, 0x0F, 0xF8, 0x0B, 0xF8, 0x0F, 0xF8, 0x12, 0xF8, 
0x0D, 0xF8, 0x0D, 0xF8, 0x03, 0x00, 0x00, 0x00, 0xFC, 0xFF, 0x00, 0x00, 0x03, 0x00, 0xFF, 0xFF, 
0xFF, 0xFF, 0x01, 0x00, 0x0E, 0xF8, 0x0E, 0xF8, 0x10, 0xF8, 0x0F, 0xF8, 0x1B, 0xF0, 0x1D, 0xF0, 
0x1F, 0xF0, 0x1C, 0xF0, 0x1C, 0xF0, 0x1F, 0xF0, 0x0E, 0xF8, 0x0C, 0xF8, 0x01, 0x00, 0x01, 0x00, 
0xF0, 0x07, 0xF2, 0x07, 0xF4, 0x07, 0xF2, 0x07, 0xFE, 0xFF, 0xFE, 0xFF, 0x10, 0xF8, 0x11, 0xF8, 
0x2A, 0xE8, 0x28, 0xE8, 0x3A, 0xE0, 0x3E, 0xE0, 0x2D, 0xE8, 0x28, 0xE8, 0x1C, 0xF0, 0x21, 0xF0, 
0x1E, 0xF0, 0x18, 0xF0, 0xFF, 0xFF, 0x04, 0x00, 0xF2, 0x07, 0xEF, 0x07, 0x00, 0x00, 0x01, 0x00, 
0xF0, 0x07, 0xF2, 0x07, 0x11, 0xF8, 0x0E, 0xF8, 0x0C, 0xF8, 0x0E, 0xF8, 0x1F, 0xF0, 0x1E, 0xF0, 
0x1D, 0xF0, 0x1D, 0xF0, 0x0D, 0xF8, 0x0D, 0xF8, 0x02, 0x00, 0x02, 0x00, 0xFE, 0xFF, 0xFE, 0xFF, 
0x02, 0x00, 0x02, 0x00, 0xFE, 0xFF, 0xFF, 0xFF, 0x11, 0xF8, 0x0E, 0xF8, 0xFE, 0xFF, 0x01, 0x00, 
0x10, 0xF8, 0x0C, 0xF8, 0xFE, 0xFF, 0x04, 0x00, 0x02, 0x00, 0xFC, 0xFF, 0xEF, 0x07, 0xF5, 0x07, 
0x12, 0xF8, 0x0B, 0xF8, 0x0B, 0xF8, 0x12, 0xF8, 0x11, 0xF8, 0x0A, 0xF8, 0x1B, 0xF0, 0x22, 0xF0, 
0x10, 0xF8, 0x0B, 0xF8, 0xFF, 0xFF, 0x02, 0x00, 0x01, 0x00, 0x00, 0x00, 0xFE, 0xFF, 0xFE, 0xFF, 
0x02, 0x00, 0x02, 0x00, 0x0E, 0xF8, 0x0D, 0xF8, 0x1C, 0xF0, 0x1F, 0xF0, 0x2E, 0xE8, 0x2A, 0xE8, 
0x19, 0xF0, 0x1E, 0xF0, 0x21, 0xF0, 0x1D, 0xF0, 0x0C, 0xF8, 0x0E, 0xF8, 0x10, 0xF8, 0x0F, 0xF8, 
0x0E, 0xF8, 0x0E, 0xF8, 0x00, 0x00, 0x01, 0x00, 0x0E, 0xF8, 0x0E, 0xF8, 0x1F, 0xF0, 0x1D, 0xF0, 
0x0B, 0xF8, 0x0F, 0xF8, 0x13, 0xF8, 0x0E, 0xF8, 0x0A, 0xF8, 0x0E, 0xF8, 0x12, 0xF8, 0x10, 0xF8, 
0xFE, 0xFF, 0xFF, 0xFF, 0x0F, 0xF8, 0x0F, 0xF8, 0x0F, 0xF8, 0x0E, 0xF8, 0x0D, 0xF8, 0x0F, 0xF8, 
0x11, 0xF8, 0x0D, 0xF8, 0x0C, 0xF8, 0x12, 0xF8, 0x10, 0xF8, 0x0B, 0xF8, 0x0F, 0xF8, 0x10, 0xF8, 
0x0C, 0xF8, 0x0F, 0xF8, 0x04, 0x00, 0xFF, 0xFF, 0x0B, 0xF8, 0x0F, 0xF8, 0xF4, 0x07, 0xF2, 0x07, 
0xFE, 0xFF, 0xFF, 0xFF, 0x02, 0x00, 0x01, 0x00, 0xFE, 0xFF, 0xFF, 0xFF, 0x1F, 0xF0, 0x1D, 0xF0, 
0x0D, 0xF8, 0x10, 0xF8, 0x1E, 0xF0, 0x1C, 0xF0, 0x0E, 0xF8, 0x0F, 0xF8, 0x0E, 0xF8, 0x0D, 0xF8, 
0x10, 0xF8, 0x10, 0xF8, 0xEF, 0x07, 0xF1, 0x07, 0xF5, 0x07, 0xF2, 0x07, 0xEE, 0x07, 0xF0, 0x07, 
0xE6, 0x0F, 0xE5, 0x0F, 0xEF, 0x07, 0xEF, 0x07, 0x01, 0x00, 0x03, 0x00, 0x0F, 0xF8, 0x0C, 0xF8, 
0x1C, 0xF0, 0x1F, 0xF0, 0x10, 0xF8, 0x0D, 0xF8, 0xFE, 0xFF, 0x01, 0x00, 0x01, 0x00, 0xFF, 0xFF, 
0xE3, 0x0F, 0xE4, 0x0F, 0xF1, 0x07, 0xF1, 0x07, 0x01, 0x00, 0x00, 0x00, 0xF0, 0x07, 0xF1, 0x07, 
0x10, 0xF8, 0x0F, 0xF8, 0xFE, 0xFF, 0x00, 0x00, 0x11, 0xF8, 0x0E, 0xF8, 0xFE, 0xFF, 0x01, 0x00, 
0xF3, 0x07, 0xEF, 0x07, 0x0E, 0xF8, 0x11, 0xF8, 0xFF, 0xFF, 0xFF, 0xFF, 0x1F, 0xF0, 0x1D, 0xF0, 
0x0D, 0xF8, 0x10, 0xF8, 0x01, 0x00, 0xFD, 0xFF, 0xFF, 0xFF, 0x02, 0x00, 0xE4, 0x0F, 0xE3, 0x0F, 
0xFF, 0xFF, 0xFE, 0xFF, 0xF2, 0x07, 0xF5, 0x07, 0xF2, 0x07, 0xEE, 0x07, 0x0D, 0xF8, 0x11, 0xF8, 
0x1F, 0xF0, 0x1C, 0xF0, 0x0C, 0xF8, 0x0F, 0xF8, 0x20, 0xF0, 0x1C, 0xF0, 0xFD, 0xFF, 0x02, 0x00, 
0x02, 0x00, 0xFE, 0xFF, 0xF1, 0x07, 0xF3, 0x07, 0xE3, 0x0F, 0xE2, 0x0F, 0xFF, 0xFF, 0x01, 0x00, 
0x02, 0x00, 0xFF, 0xFF, 0xFE, 0xFF, 0x02, 0x00, 0x10, 0xF8, 0x0B, 0xF8, 0x0E, 0xF8, 0x12, 0xF8, 
0x1C, 0xF0, 0x1B, 0xF0, 0x10, 0xF8, 0x0F, 0xF8, 0x0E, 0xF8, 0x10, 0xF8, 0x00, 0x00, 0xFC, 0xFF, 
0xF2, 0x07, 0xF6, 0x07, 0x0E, 0xF8, 0x0C, 0xF8, 0x01, 0x00, 0x00, 0x00, 0x0D, 0xF8, 0x11, 0xF8, 
0x0F, 0xF8, 0x0A, 0xF8, 0x10, 0xF8, 0x13, 0xF8, 0x0D, 0xF8, 0x0B, 0xF8, 0x01, 0x00, 0x03, 0x00, 
0xFF, 0xFF, 0xFE, 0xFF, 0x01, 0x00, 0x01, 0x00, 0xFF, 0xFF, 0x00, 0x00, 0x10, 0xF8, 0x0E, 0xF8, 
0x1B, 0xF0, 0x1E, 0xF0, 0x10, 0xF8, 0x0E, 0xF8, 0x1D, 0xF0, 0x1D, 0xF0, 0xFF, 0xFF, 0x00, 0x00, 
0x0F, 0xF8, 0x0F, 0xF8, 0xF2, 0x07, 0xF1, 0x07, 0xF1, 0x07, 0xF1, 0x07, 0xF2, 0x07, 0xF3, 0x07, 
0xF1, 0x07, 0xEF, 0x07, 0xFF, 0xFF, 0x03, 0x00, 0x1F, 0xF0, 0x19, 0xF0, 0x0E, 0xF8, 0x12, 0xF8, 
0x1D, 0xF0, 0x1B, 0xF0, 0x1C, 0xF0, 0x1E, 0xF0, 0x11, 0xF8, 0x0E, 0xF8, 0x19, 0xF0, 0x1C, 0xF0, 
0xF6, 0x07, 0xF4, 0x07, 0xFC, 0xFF, 0xFD, 0xFF, 0x03, 0x00, 0x03, 0x00, 0xFF, 0xFF, 0xFE, 0xFF, 
0x1C, 0xF0, 0x1D, 0xF0, 0x1F, 0xF0, 0x1F, 0xF0, 0x1A, 0xF0, 0x1B, 0xF0, 0x21, 0xF0, 0x1E, 0xF0, 
0x0B, 0xF8, 0x0E, 0xF8, 0x11, 0xF8, 0x0F, 0xF8, 0x1B, 0xF0, 0x1C, 0xF0, 0x02, 0x00, 0x02, 0x00, 
0x1C, 0xF0, 0x1B, 0xF0, 0x0E, 0xF8, 0x10, 0xF8, 0x10, 0xF8, 0x0D, 0xF8, 0x0C, 0xF8, 0x10, 0xF8, 
0x03, 0x00, 0xFF, 0xFF, 0x0D, 0xF8, 0x0F, 0xF8, 0x0E, 0xF8, 0x0F, 0xF8, 0x1F, 0xF0, 0x1D, 0xF0, 
0x1A, 0xF0, 0x1C, 0xF0, 0x2F, 0xE8, 0x1F, 0xF0, 0x1B, 0xF0, 0x1B, 0xF0, 0x0F, 0xF8, 0x10, 0xF8, 
0x00, 0x00, 0x00, 0x00, 0x0F, 0xF8, 0x0D, 0xF8, 0xFF, 0xFF, 0x02, 0x00, 0x10, 0xF8, 0x0D, 0xF8, 
0x0D, 0xF8, 0x0F, 0xF8, 0x10, 0xF8, 0x0F, 0xF8, 0x2A, 0xE8, 0x2A, 0xE8, 0x1E, 0xF0, 0x1F, 0xF0, 
0x1C, 0xF0, 0x1B, 0xF0, 0x10, 0xF8, 0x11, 0xF8, 0x0D, 0xF8, 0x0B, 0xF8, 0x02, 0x00, 0x05, 0x00, 
0xFD, 0xFF, 0xFA, 0xFF, 0x03, 0x00, 0x06, 0x00, 0xFD, 0xFF, 0xFB, 0xFF, 0x12, 0xF8, 0x11, 0xF8, 
0xFC, 0xFF, 0x00, 0x00, 0x12, 0xF8, 0x0E, 0xF8, 0xFE, 0xFF, 0x00, 0x00, 0x0F, 0xF8, 0x0F, 0xF8, 
0x01, 0x00, 0xFF, 0xFF, 0x0C, 0xF8, 0x10, 0xF8, 0x03, 0x00, 0xFF, 0xFF, 0x0C, 0xF8, 0x0F, 0xF8, 
0x11, 0xF8, 0x0E, 0xF8, 0x0D, 0xF8, 0x0F, 0xF8, 0x0E, 0xF8, 0x0F, 0xF8, 0x02, 0x00, 0xFF, 0xFF, 
0xFE, 0xFF, 0x02, 0x00, 0x01, 0x00, 0xFD, 0xFF, 0x01, 0x00, 0x03, 0x00, 0xEF, 0x07, 0xEF, 0x07, 
0x11, 0xF8, 0x11, 0xF8, 0xFE, 0xFF, 0xFE, 0xFF, 0x0F, 0xF8, 0x0F, 0xF8, 0x0F, 0xF8, 0x10, 0xF8, 
0x0E, 0xF8, 0x0C, 0xF8, 0x1E, 0xF0, 0x20, 0xF0, 0x0C, 0xF8, 0x0C, 0xF8, 0x12, 0xF8, 0x10, 0xF8, 
0xFC, 0xFF, 0xFF, 0xFF, 0x04, 0x00, 0x01, 0x00, 0xEE, 0x07, 0xF1, 0x07, 0x03, 0x00, 0x00, 0x00, 
0xFD, 0xFF, 0x01, 0x00, 0x12, 0xF8, 0x0C, 0xF8, 0x0C, 0xF8, 0x11, 0xF8, 0x0F, 0xF8, 0x0D, 0xF8, 
0x1E, 0xF0, 0x1E, 0xF0, 0x0D, 0xF8, 0x0E, 0xF8, 0x01, 0x00, 0x00, 0x00, 0x00, 0x00, 0x00, 0x00, 
0x0E, 0xF8, 0x0F, 0xF8, 0x00, 0x00, 0xFF, 0xFF, 0x0F, 0xF8, 0x10, 0xF8, 0x0E, 0xF8, 0x0C, 0xF8, 
0x00, 0x00, 0x03, 0x00, 0x0F, 0xF8, 0x0D, 0xF8, 0xFF, 0xFF, 0x00, 0x00, 0x10, 0xF8, 0x0F, 0xF8, 
0x0D, 0xF8, 0x0E, 0xF8, 0x11, 0xF8, 0x0E, 0xF8, 0xFC, 0xFF, 0x02, 0x00, 0x14, 0xF8, 0x0C, 0xF8, 
0xF9, 0xFF, 0x02, 0x00, 0x07, 0x00, 0xFF, 0xFF, 0xED, 0x07, 0xF2, 0x07, 0xF4, 0x07, 0xF2, 0x07, 
0x0D, 0xF8, 0x0C, 0xF8, 0x0F, 0xF8, 0x12, 0xF8, 0x1D, 0xF0, 0x19, 0xF0, 0x1E, 0xF0, 0x22, 0xF0, 
0x1B, 0xF0, 0x19, 0xF0, 0x03, 0x00, 0x02, 0x00, 0xFC, 0xFF, 0xFF, 0xFF, 0xF6, 0x07, 0xF1, 0x07, 
0xEE, 0x07, 0xF3, 0x07, 0xF4, 0x07, 0xF0, 0x07, 0xFE, 0xFF, 0x02, 0x00, 0x1E, 0xF0, 0x1B, 0xF0, 
0x0E, 0xF8, 0x10, 0xF8, 0x1E, 0xF0, 0x1B, 0xF0, 0x0E, 0xF8, 0x11, 0xF8, 0x0F, 0xF8, 0x0D, 0xF8, 
0xFF, 0xFF, 0x01, 0x00, 0xF3, 0x07, 0xF1, 0x07, 0xF0, 0x07, 0xF1, 0x07, 0x01, 0x00, 0x01, 0x00, 
0x0F, 0xF8, 0x0E, 0xF8, 0x0D, 0xF8, 0x0F, 0xF8, 0x01, 0x00, 0x00, 0x00, 0x0F, 0xF8, 0x0D, 0xF8, 
0xFE, 0xFF, 0x02, 0x00, 0xF4, 0x07, 0xF0, 0x07, 0xFE, 0xFF, 0x02, 0x00, 0x01, 0x00, 0xFE, 0xFF, 
0x00, 0x00, 0x01, 0x00, 0xFF, 0xFF, 0xFF, 0xFF, 0x10, 0xF8, 0x0F, 0xF8, 0x0D, 0xF8, 0x01, 0x00, 
0x1F, 0xF0, 0x1C, 0xF0, 0x0C, 0xF8, 0x0F, 0xF8, 0x11, 0xF8, 0x0E, 0xF8, 0xFD, 0xFF, 0x00, 0x00, 
0x04, 0x00, 0x00, 0x00, 0xFD, 0xFF, 0x01, 0x00, 0xF2, 0x07, 0xF0, 0x07, 0x01, 0x00, 0x01, 0x00, 
0x0C, 0xF8, 0x0D, 0xF8, 0x20, 0xF0, 0x1F, 0xF0, 0x0D, 0xF8, 0x0C, 0xF8, 0x1E, 0xF0, 0x21, 0xF0, 
0x0E, 0xF8, 0x0A, 0xF8, 0x0E, 0xF8, 0x12, 0xF8, 0x00, 0x00, 0xFD, 0xFF, 0xF2, 0x07, 0xF4, 0x07, 
0x01, 0x00, 0xFE, 0xFF, 0xFF, 0xFF, 0x02, 0x00, 0x01, 0x00, 0xFE, 0xFF, 0xFE, 0xFF, 0x02, 0x00, 
0x11, 0xF8, 0x0C, 0xF8, 0x0C, 0xF8, 0x11, 0xF8, 0x11, 0xF8, 0x0C, 0xF8, 0xFE, 0xFF, 0x03, 0x00, 
0x02, 0x00, 0x0B, 0xF8, 0xFE, 0xFF, 0x04, 0x00, 0x01, 0x00, 0xFC, 0xFF, 0xFF, 0xFF, 0x03, 0x00, 
0x02, 0x00, 0xFE, 0xFF, 0xFE, 0xFF, 0x01, 0x00, 0x02, 0x00, 0xFF, 0xFF, 0xFD, 0xFF, 0x02, 0x00, 
0xF4, 0x07, 0xEF, 0x07, 0xFF, 0xFF, 0x02, 0x00, 0xF2, 0x07, 0xF0, 0x07, 0xF2, 0x07, 0xF2, 0x07, 
0xFD, 0xFF, 0x00, 0x00, 0xF6, 0x07, 0xF2, 0x07, 0xFB, 0xFF, 0x00, 0x00, 0x05, 0x00, 0xFF, 0xFF, 
0xFB, 0xFF, 0x01, 0x00, 0x04, 0x00, 0xFF, 0xFF, 0xFD, 0xFF, 0x01, 0x00, 0xF4, 0x07, 0xF1, 0x07, 
0xEF, 0x07, 0xF2, 0x07, 0x10, 0xF8, 0x0D, 0xF8, 0xFF, 0xFF, 0x02, 0x00, 0xF3, 0x07, 0xEF, 0x07, 
0x0C, 0xF8, 0x11, 0xF8, 0x03, 0x00, 0xFE, 0xFF, 0xFD, 0xFF, 0x02, 0x00, 0x03, 0x00, 0xFD, 0xFF, 
0xFE, 0xFF, 0x03, 0x00, 0x01, 0x00, 0xFD, 0xFF, 0xF1, 0x07, 0xF5, 0x07, 0x00, 0x00, 0xFC, 0xFF, 
0xF2, 0x07, 0xF6, 0x07, 0xFF, 0xFF, 0xFC, 0xFF, 0x02, 0x00, 0x03, 0x00, 0xFE, 0xFF, 0xFE, 0xFF, 
0xF3, 0x07, 0xF2, 0x07, 0xFF, 0xFF, 0x01, 0x00, 0xFF, 0xFF, 0xFF, 0xFF, 0x03, 0x00, 0x01, 0x00, 
0x0B, 0xF8, 0x0D, 0xF8, 0x04, 0x00, 0x01, 0x00, 0x0A, 0xF8, 0x0E, 0xF8, 0x04, 0x00, 0x01, 0x00, 
0xFD, 0xFF, 0xFF, 0xFF, 0xF4, 0x07, 0xF2, 0x07, 0xEF, 0x07, 0xF1, 0x07, 0xF4, 0x07, 0xF2, 0x07, 
0xFD, 0xFF, 0xFF, 0xFF, 0x04, 0x00, 0x02, 0x00, 0x19, 0xF0, 0x1B, 0xF0, 0x20, 0xF0, 0x1F, 0xF0, 
0x0D, 0xF8, 0x0D, 0xF8, 0x1D, 0xF0, 0x1E, 0xF0, 0x01, 0x00, 0xFF, 0xFF, 0xFF, 0xFF, 0x01, 0x00, 
0x01, 0x00, 0x00, 0x00, 0x0D, 0xF8, 0x0E, 0xF8, 0x10, 0xF8, 0x0F, 0xF8, 0x0E, 0xF8, 0x0D, 0xF8, 
0x1D, 0xF0, 0x20, 0xF0, 0x1D, 0xF0, 0x1A, 0xF0, 0x1D, 0xF0, 0x20, 0xF0, 0x1D, 0xF0, 0x1A, 0xF0, 
0x1D, 0xF0, 0x1F, 0xF0, 0x1D, 0xF0, 0x1D, 0xF0, 0x1D, 0xF0, 0x1C, 0xF0, 0x1E, 0xF0, 0x1E, 0xF0, 
0x2A, 0xE8, 0x2B, 0xE8, 0x1F, 0xF0, 0x1D, 0xF0, 0x29, 0xE8, 0x2D, 0xE8, 0x1F, 0xF0, 0x1B, 0xF0, 
0x1C, 0xF0, 0x1E, 0xF0, 0x2D, 0xE8, 0x2C, 0xE8, 0x2A, 0xE8, 0x2B, 0xE8, 0x2D, 0xE8, 0x2B, 0xE8, 
0x0C, 0xF8, 0x10, 0xF8, 0x2E, 0xE8, 0x2A, 0xE8, 0x0D, 0xF8, 0x10, 0xF8, 0x1E, 0xF0, 0x1C, 0xF0, 
0x1D, 0xF0, 0x1D, 0xF0, 0x1D, 0xF0, 0x1D, 0xF0, 0x2B, 0xE8, 0x2C, 0xE8, 0x1E, 0xF0, 0x1D, 0xF0, 
0x1B, 0xF0, 0x1C, 0xF0, 0x12, 0xF8, 0x10, 0xF8, 0x0C, 0xF8, 0x0D, 0xF8, 0x10, 0xF8, 0x10, 0xF8, 
0x0D, 0xF8, 0x0D, 0xF8, 0x1E, 0xF0, 0x1E, 0xF0, 0x1C, 0xF0, 0x1D, 0xF0, 0x11, 0xF8, 0x0E, 0xF8, 
0x1A, 0xF0, 0x1D, 0xF0, 0x11, 0xF8, 0x0F, 0xF8, 0x0C, 0xF8, 0x0E, 0xF8, 0x10, 0xF8, 0x0F, 0xF8, 
0x0E, 0xF8, 0x0E, 0xF8, 0x0F, 0xF8, 0x0E, 0xF8, 0x00, 0x00, 0x02, 0x00, 0x0E, 0xF8, 0x0C, 0xF8, 
0x00, 0x00, 0x02, 0x00, 0x0F, 0xF8, 0x0D, 0xF8, 0x0E, 0xF8, 0x10, 0xF8, 0x10, 0xF8, 0x0D, 0xF8, 
0xFE, 0xFF, 0x02, 0x00, 0x10, 0xF8, 0x0C, 0xF8, 0x0E, 0xF8, 0x11, 0xF8, 0x00, 0x00, 0xFE, 0xFF, 
0x0F, 0xF8, 0x10, 0xF8, 0xF0, 0x07, 0xF1, 0x07, 0xF4, 0x07, 0xF1, 0x07, 0xFD, 0xFF, 0x00, 0x00, 
0x03, 0x00, 0x01, 0x00, 0xEF, 0x07, 0xF0, 0x07, 0x01, 0x00, 0x02, 0x00, 0x00, 0x00, 0xFE, 0xFF, 
0xF1, 0x07, 0xF2, 0x07, 0x01, 0x00, 0x01, 0x00, 0xF0, 0x07, 0xF0, 0x07, 0x02, 0x00, 0x01, 0x00, 
0xE1, 0x0F, 0xE2, 0x0F, 0xF3, 0x07, 0xF3, 0x07, 0xF0, 0x07, 0xEF, 0x07, 0xE5, 0x0F, 0xE6, 0x0F, 
0xEE, 0x07, 0xEE, 0x07, 0xE7, 0x0F, 0xE6, 0x0F, 0xE0, 0x0F, 0xE0, 0x0F, 0xE5, 0x0F, 0xE6, 0x0F, 
0xE2, 0x0F, 0xE1, 0x0F, 0xE3, 0x0F, 0xE4, 0x0F, 0xE3, 0x0F, 0xE2, 0x0F, 0xE4, 0x0F, 0xE4, 0x0F, 
0xE1, 0x0F, 0xE2, 0x0F, 0xF3, 0x07, 0xF3, 0x07, 0xF1, 0x07, 0xF0, 0x07, 0xE2, 0x0F, 0xE4, 0x0F, 
0xF5, 0x07, 0xF1, 0x07, 0xDF, 0x0F, 0xE3, 0x0F, 0xE6, 0x0F, 0xE3, 0x0F, 0xE0, 0x0F, 0xE3, 0x0F, 
0xE5, 0x0F, 0xE3, 0x0F, 0xF2, 0x07, 0xF2, 0x07, 0xF0, 0x07, 0xF0, 0x07, 0xF3, 0x07, 0xF3, 0x07, 
0xE1, 0x0F, 0xE2, 0x0F, 0x02, 0x00, 0x01, 0x00, 0xFF, 0xFF, 0x00, 0x00, 0xF2, 0x07, 0xF0, 0x07, 
0xF1, 0x07, 0xF3, 0x07, 0xF1, 0x07, 0xF1, 0x07, 0x01, 0x00, 0xFF, 0xFF, 0xFF, 0xFF, 0x03, 0x00, 
0x01, 0x00, 0xFB, 0xFF, 0x0E, 0xF8, 0x14, 0xF8, 0xF1, 0x07, 0xED, 0x07, 0x0F, 0xF8, 0x11, 0xF8, 
0xF2, 0x07, 0xF1, 0x07, 0xFF, 0xFF, 0xFF, 0xFF, 0x10, 0xF8, 0x0F, 0xF8, 0xFE, 0xFF, 0x01, 0x00, 
0x10, 0xF8, 0x0D, 0xF8, 0x0E, 0xF8, 0x11, 0xF8, 0x0E, 0xF8, 0x0C, 0xF8, 0xF4, 0x07, 0xF2, 0x07, 
0x0B, 0xF8, 0x10, 0xF8, 0xF5, 0x07, 0xF0, 0x07, 0xFD, 0xFF, 0x02, 0x00, 0x02, 0x00, 0xFE, 0xFF, 
0x0E, 0xF8, 0x0F, 0xF8, 0x0E, 0xF8, 0x0F, 0xF8, 0x10, 0xF8, 0x0D, 0xF8, 0x0D, 0xF8, 0x12, 0xF8, 
0x0F, 0xF8, 0x0A, 0xF8, 0x00, 0x00, 0x04, 0x00, 0x01, 0x00, 0xFC, 0xFF, 0x0D, 0xF8, 0x12, 0xF8, 
0x01, 0x00, 0xFE, 0xFF, 0x0D, 0xF8, 0x10, 0xF8, 0xF3, 0x07, 0xF0, 0x07, 0x1C, 0xF0, 0x1E, 0xF0, 
0x01, 0x00, 0x00, 0x00, 0x1C, 0xF0, 0x1D, 0xF0, 0x01, 0x00, 0x00, 0x00, 0x00, 0x00, 0xFF, 0xFF, 
0x0C, 0xF8, 0x10, 0xF8, 0x04, 0x00, 0x00, 0x00, 0x0A, 0xF8, 0x0D, 0xF8, 0x13, 0xF8, 0x10, 0xF8, 
0x0C, 0xF8, 0x0D, 0xF8, 0x0F, 0xF8, 0x1E, 0xF0, 0x1E, 0xF0, 0x1D, 0xF0, 0xFE, 0xFF, 0xFF, 0xFF, 
0x1F, 0xF0, 0x1F, 0xF0, 0xFF, 0xFF, 0xFE, 0xFF, 0x10, 0xF8, 0x10, 0xF8, 0xFE, 0xFF, 0xFE, 0xFF, 
0x11, 0xF8, 0x11, 0xF8, 0x0C, 0xF8, 0x0D, 0xF8, 0x02, 0x00, 0x01, 0x00, 0x1C, 0xF0, 0x1D, 0xF0, 
0x01, 0x00, 0xFE, 0xFF, 0x0D, 0xF8, 0x11, 0xF8, 0x10, 0xF8, 0x0D, 0xF8, 0xF0, 0x07, 0xF3, 0x07, 
0x01, 0x00, 0xFF, 0xFF, 0x0F, 0xF8, 0x0F, 0xF8, 0x0D, 0xF8, 0x0E, 0xF8, 0x10, 0xF8, 0x0F, 0xF8, 
0xFF, 0xFF, 0xFF, 0xFF, 0x0E, 0xF8, 0x10, 0xF8, 0x02, 0x00, 0xFF, 0xFF, 0xFD, 0xFF, 0x01, 0x00, 
0xF5, 0x07, 0xF0, 0x07, 0xFD, 0xFF, 0x01, 0x00, 0x11, 0xF8, 0x0E, 0xF8, 0x0D, 0xF8, 0x0E, 0xF8, 
0x0E, 0xF8, 0x11, 0xF8, 0x10, 0xF8, 0x0B, 0xF8, 0xFF, 0xFF, 0x03, 0x00, 0xE3, 0x0F, 0xE0, 0x0F, 
0xE4, 0x0F, 0xE5, 0x0F, 0xFE, 0xFF, 0x00, 0x00, 0xF4, 0x07, 0xF1, 0x07, 0x1C, 0xF0, 0x1D, 0xF0, 
0x1C, 0xF0, 0x1D, 0xF0, 0xF3, 0x07, 0xF1, 0x07, 0x39, 0xE0, 0x3B, 0xE0, 0xB7, 0x27, 0xB7, 0x27, 
0x11, 0xF8, 0x0E, 0xF8, 0xC2, 0x1F, 0xC7, 0x1F, 0x04, 0x00, 0xFF, 0xFF, 0x0B, 0xF8, 0x0F, 0xF8, 
0x03, 0x00, 0x00, 0x00, 0x54, 0xD0, 0x56, 0xD0, 0xD8, 0x17, 0xD7, 0x17, 0x36, 0xE0, 0x37, 0xE0, 
0xCA, 0x1F, 0xC9, 0x1F, 0xFD, 0xFF, 0xFC, 0xFF, 0xD6, 0x17, 0xD8, 0x17, 0x0F, 0xF8, 0x0D, 0xF8, 
0xFF, 0xFF, 0x00, 0x00, 0x1D, 0xF0, 0x1E, 0xF0, 0x3B, 0xE0, 0x38, 0xE0, 0xFF, 0xFF, 0x02, 0x00, 
0x0F, 0xF8, 0x0D, 0xF8, 0xE4, 0x0F, 0xE4, 0x0F, 0xE1, 0x0F, 0xE3, 0x0F, 0xF3, 0x07, 0xF1, 0x07, 
0x0D, 0xF8, 0x0F, 0xF8, 0x11, 0xF8, 0x0E, 0xF8, 0x46, 0xD8, 0x49, 0xD8, 0x02, 0x00, 0x00, 0x00, 
0x39, 0xE0, 0x3A, 0xE0, 0xD4, 0x17, 0xD5, 0x17, 0x02, 0x00, 0xFF, 0xFF, 0xD2, 0x17, 0xD6, 0x17, 
0xE5, 0x0F, 0xE2, 0x0F, 0x2A, 0xE8, 0x2B, 0xE8, 0x01, 0x00, 0x02, 0x00, 0x65, 0xC8, 0x62, 0xC8, 
0x01, 0x00, 0x05, 0x00, 0x39, 0xE0, 0x36, 0xE0, 0x01, 0x00, 0x03, 0x00, 0xC5, 0x1F, 0xC3, 0x1F, 
0x0F, 0xF8, 0x10, 0xF8, 0xF2, 0x07, 0xF2, 0x07, 0x2B, 0xE8, 0x2A, 0xE8, 0x49, 0xD8, 0x4B, 0xD8, 
0x57, 0xD0, 0x54, 0xD0, 0x2B, 0xE8, 0x2E, 0xE8, 0x1E, 0xF0, 0x1C, 0xF0, 0x0E, 0xF8, 0x0E, 0xF8, 
0xC5, 0x1F, 0xC7, 0x1F, 0x11, 0xF8, 0x0E, 0xF8, 0xFE, 0xFF, 0x00, 0x00, 0x0F, 0xF8, 0x0F, 0xF8, 
0x58, 0xD0, 0x55, 0xD0, 0x29, 0xE8, 0x2E, 0xE8, 0x21, 0xF0, 0x1C, 0xF0, 0x0B, 0xF8, 0x0E, 0xF8, 
0xC8, 0x1F, 0xC8, 0x1F, 0xC5, 0x1F, 0xC2, 0x1F, 0xF2, 0x07, 0xF6, 0x07, 0xF1, 0x07, 0xEE, 0x07, 
0x2C, 0xE8, 0x2D, 0xE8, 0x2B, 0xE8, 0x2D, 0xE8, 0x3B, 0xE0, 0x36, 0xE0, 0x0D, 0xF8, 0x14, 0xF8, 
0x02, 0x00, 0xFB, 0xFF, 0xD2, 0x17, 0xD8, 0x17, 0xD7, 0x17, 0xD3, 0x17, 0xF0, 0x07, 0xF2, 0x07, 
0x00, 0x00, 0xFF, 0xFF, 0x57, 0xD0, 0x59, 0xD0, 0x3B, 0xE0, 0x38, 0xE0, 0x56, 0xD0, 0x59, 0xD0, 
0x1E, 0xF0, 0x1C, 0xF0, 0xF1, 0x07, 0xF2, 0x07, 0xE2, 0x0F, 0xE2, 0x0F, 0xE5, 0x0F, 0xE4, 0x0F, 
0xFE, 0xFF, 0xFF, 0xFF, 0x2D, 0xE8, 0x2D, 0xE8, 0x48, 0xD8, 0x47, 0xD8, 0x48, 0xD8, 0x4A, 0xD8, 
0x2D, 0xE8, 0x2A, 0xE8, 0x1C, 0xF0, 0x1E, 0xF0, 0xD4, 0x17, 0xD5, 0x17, 0xD7, 0x17, 0xD3, 0x17, 
0xEE, 0x07, 0xF2, 0x07, 0xD8, 0x17, 0xD5, 0x17, 0x54, 0xD0, 0x57, 0xD0, 0x1F, 0xF0, 0x1D, 0xF0, 
0x3A, 0xE0, 0x3A, 0xE0, 0x39, 0xE0, 0x3A, 0xE0, 0xD6, 0x17, 0xD4, 0x17, 0xF0, 0x07, 0xF3, 0x07, 
0xC7, 0x1F, 0xC4, 0x1F, 0xF1, 0x07, 0xF4, 0x07, 0x0E, 0xF8, 0x0C, 0xF8, 0x4A, 0xD8, 0x4B, 0xD8, 
0x2A, 0xE8, 0x2A, 0xE8, 0x4A, 0xD8, 0x49, 0xD8, 0x1B, 0xF0, 0x1E, 0xF0, 0xD6, 0x17, 0xD2, 0x17, 
0x0F, 0xF8, 0x12, 0xF8, 0xC4, 0x1F, 0xC3, 0x1F, 0x10, 0xF8, 0x10, 0xF8, 0x1C, 0xF0, 0x1D, 0xF0, 
0x3A, 0xE0, 0x39, 0xE0, 0x3C, 0xE0, 0x3C, 0xE0, 0x1B, 0xF0, 0x1B, 0xF0, 0xF2, 0x07, 0xF3, 0x07, 
0xE4, 0x0F, 0xE2, 0x0F, 0xD2, 0x17, 0xD5, 0x17, 0xD7, 0x17, 0xD5, 0x17, 0xFF, 0xFF, 0xFF, 0xFF, 
0x1D, 0xF0, 0x1E, 0xF0, 0x3A, 0xE0, 0x39, 0xE0, 0x1E, 0xF0, 0x1E, 0xF0, 0x29, 0xE8, 0x2B, 0xE8, 
0xE7, 0x0F, 0xE3, 0x0F, 0xEE, 0x07, 0xF2, 0x07, 0xF3, 0x07, 0xF1, 0x07, 0xE3, 0x0F, 0xE2, 0x0F, 
0x1C, 0xF0, 0x1F, 0xF0, 0x3C, 0xE0, 0x37, 0xE0, 0x39, 0xE0, 0x3E, 0xE0, 0x2B, 0xE8, 0x28, 0xE8, 
0x2D, 0xE8, 0x2E, 0xE8, 0xE1, 0x0F, 0xE2, 0x0F, 0xF4, 0x07, 0xF1, 0x07, 0xF0, 0x07, 0xF3, 0x07, 
0xFF, 0xFF, 0xFE, 0xFF, 0x20, 0xF0, 0x1F, 0xF0, 0x37, 0xE0, 0x39, 0xE0, 0x2E, 0xE8, 0x2C, 0xE8, 
0x0E, 0xF8, 0x0F, 0xF8, 0x1C, 0xF0, 0x1B, 0xF0, 0xC7, 0x1F, 0xC9, 0x1F, 0xF2, 0x07, 0xEE, 0x07, 
0xC5, 0x1F, 0xC9, 0x1F, 0x1D, 0xF0, 0x1B, 0xF0, 0x1E, 0xF0, 0x1E, 0xF0, 0x29, 0xE8, 0x2B, 0xE8, 
0x3E, 0xE0, 0x3A, 0xE0, 0xEF, 0x07, 0xF2, 0x07, 0x2C, 0xE8, 0x2A, 0xE8, 0xB8, 0x27, 0xBA, 0x27, 
0x2A, 0xE8, 0x29, 0xE8, 0xC7, 0x1F, 0xC8, 0x1F, 0x58, 0xD0, 0x55, 0xD0, 0x2A, 0xE8, 0x2D, 0xE8, 
0x3B, 0xE0, 0x39, 0xE0, 0x57, 0xD0, 0x59, 0xD0, 0xE2, 0x0F, 0xE1, 0x0F, 0x1F, 0xF0, 0x1F, 0xF0, 
0xD2, 0x17, 0xD2, 0x17, 0xF4, 0x07, 0xF4, 0x07, 0x0C, 0xF8, 0x0C, 0xF8, 0x4A, 0xD8, 0x4C, 0xD8, 
0x1C, 0xF0, 0x19, 0xF0, 0x67, 0xC8, 0x69, 0xC8, 0xF0, 0x07, 0xEF, 0x07, 0x1E, 0xF0, 0x1E, 0xF0, 
0xB7, 0x27, 0xB8, 0x27, 0xF1, 0x07, 0xF0, 0x07, 0xE5, 0x0F, 0xE4, 0x0F, 0xFD, 0xFF, 0x00, 0x00, 
0x4B, 0xD8, 0x48, 0xD8, 0x2B, 0xE8, 0x2C, 0xE8, 0x57, 0xD0, 0x57, 0xD0, 0xD5, 0x17, 0xD4, 0x17, 
0x0E, 0xF8, 0x0F, 0xF8, 0xA9, 0x2F, 0xA9, 0x2F, 0x00, 0x00, 0xFF, 0xFF, 0xE4, 0x0F, 0xE5, 0x0F, 
0x2A, 0xE8, 0x28, 0xE8, 0x4A, 0xD8, 0x4D, 0xD8, 0x39, 0xE0, 0x36, 0xE0, 0x49, 0xD8, 0x4B, 0xD8, 
0xE3, 0x0F, 0xE2, 0x0F, 0xE3, 0x0F, 0xE3, 0x0F, 0xF1, 0x07, 0xF2, 0x07, 0xB8, 0x27, 0xB7, 0x27, 
0x39, 0xE0, 0x3A, 0xE0, 0x2D, 0xE8, 0x2C, 0xE8, 0x2B, 0xE8, 0x2B, 0xE8, 0x66, 0xC8, 0x66, 0xC8, 
0xD4, 0x17, 0xD4, 0x17, 0x0E, 0xF8, 0x0F, 0xF8, 0x9C, 0x37, 0x9A, 0x37, 0xF0, 0x07, 0xF2, 0x07, 
0xD6, 0x17, 0xD3, 0x17, 0x1B, 0xF0, 0x1F, 0xF0, 0x4B, 0xD8, 0x47, 0xD8, 0x29, 0xE8, 0x2C, 0xE8, 
0x2F, 0xE8, 0x2C, 0xE8, 0xEE, 0x07, 0xF0, 0x07, 0xD7, 0x17, 0xD7, 0x17, 0xC3, 0x1F, 0xC4, 0x1F, 
0xF5, 0x07, 0xF2, 0x07, 0xEE, 0x07, 0xF1, 0x07, 0x5B, 0xD0, 0x57, 0xD0, 0x36, 0xE0, 0x3B, 0xE0, 
0x4C, 0xD8, 0x48, 0xD8, 0xFD, 0xFF, 0x00, 0x00, 0xF4, 0x07, 0xF2, 0x07, 0xC4, 0x1F, 0xC4, 0x1F, 
0xE4, 0x0F, 0xE6, 0x0F, 0xE3, 0x0F, 0xE0, 0x0F, 0x2B, 0xE8, 0x2E, 0xE8, 0x2C, 0xE8, 0x29, 0xE8, 
0x3A, 0xE0, 0x3C, 0xE0, 0x2B, 0xE8, 0x2B, 0xE8, 0xD6, 0x17, 0xD5, 0x17, 0xEF, 0x07, 0xF1, 0x07, 
0x9E, 0x37, 0x9A, 0x37, 0xED, 0x07, 0xF2, 0x07, 0xD9, 0x17, 0xD4, 0x17, 0x37, 0xE0, 0x3B, 0xE0, 
0x1E, 0xF0, 0x1C, 0xF0, 0x2D, 0xE8, 0x2D, 0xE8, 0x0C, 0xF8, 0x0D, 0xF8, 0xE6, 0x0F, 0xE4, 0x0F, 
0xC2, 0x1F, 0xC6, 0x1F, 0xCA, 0x1F, 0xC5, 0x1F, 0xFD, 0xFF, 0x00, 0x00, 0xF3, 0x07, 0xF3, 0x07, 
0x48, 0xD8, 0x47, 0xD8, 0x2B, 0xE8, 0x2D, 0xE8, 0x2D, 0xE8, 0x2A, 0xE8, 0xFF, 0xFF, 0x00, 0x00, 
0xE2, 0x0F, 0xE5, 0x0F, 0xD7, 0x17, 0xD3, 0x17, 0xDF, 0x0F, 0xE3, 0x0F, 0xF7, 0x07, 0xF2, 0x07, 
0x26, 0xE8, 0x2B, 0xE8, 0x12, 0xF8, 0x0F, 0xF8, 0x56, 0xD0, 0x58, 0xD0, 0xF0, 0x07, 0xF0, 0x07, 
0xF5, 0x07, 0xF2, 0x07, 0xD0, 0x17, 0xD5, 0x17, 0xBB, 0x27, 0xB6, 0x27, 0xF0, 0x07, 0xF4, 0x07, 
0xD4, 0x17, 0xD2, 0x17, 0x4A, 0xD8, 0x4A, 0xD8, 0x0C, 0xF8, 0x0D, 0xF8, 0x4B, 0xD8, 0x4A, 0xD8, 
0xF1, 0x07, 0xF1, 0x07, 0xE2, 0x0F, 0xE3, 0x0F, 0xE5, 0x0F, 0xE3, 0x0F, 0xC3, 0x1F, 0xC6, 0x1F, 
0x11, 0xF8, 0x0E, 0xF8, 0xF0, 0x07, 0xF3, 0x07, 0x3B, 0xE0, 0x38, 0xE0, 0x2B, 0xE8, 0x2D, 0xE8, 
0x2C, 0xE8, 0x2B, 0xE8, 0x0E, 0xF8, 0x10, 0xF8, 0xD5, 0x17, 0xD2, 0x17, 0xF2, 0x07, 0xF4, 0x07, 
0xF0, 0x07, 0xE1, 0x0F, 0xF3, 0x07, 0xF3, 0x07, 0x2B, 0xE8, 0x2B, 0xE8, 0x00, 0x00, 0x00, 0x00, 
0x2C, 0xE8, 0x2C, 0xE8, 0xFF, 0xFF, 0x00, 0x00, 0xF3, 0x07, 0xF1, 0x07, 0xD2, 0x17, 0xD5, 0x17, 
0xD8, 0x17, 0xD4, 0x17, 0xDF, 0x0F, 0xE4, 0x0F, 0x03, 0x00, 0x00, 0x00, 0x2A, 0xE8, 0x2B, 0xE8, 
0x00, 0x00, 0xFF, 0xFF, 0x2C, 0xE8, 0x2E, 0xE8, 0xF1, 0x07, 0xEE, 0x07, 0x01, 0x00, 0x05, 0x00, 
0xE1, 0x0F, 0xDE, 0x0F, 0xE6, 0x0F, 0xE6, 0x0F, 0x0A, 0xF8, 0x0D, 0xF8, 0x13, 0xF8, 0x0F, 0xF8, 
0x37, 0xE0, 0x3A, 0xE0, 0x2E, 0xE8, 0x2B, 0xE8, 0x1B, 0xF0, 0x1E, 0xF0, 0x10, 0xF8, 0x0D, 0xF8, 
0xEF, 0x07, 0xF4, 0x07, 0x03, 0x00, 0xFC, 0xFF, 0xF0, 0x07, 0xF5, 0x07, 0x0F, 0xF8, 0x0C, 0xF8, 
0x39, 0xE0, 0x3C, 0xE0, 0x10, 0xF8, 0x0D, 0xF8, 0x39, 0xE0, 0x3B, 0xE0, 0xF2, 0x07, 0xF0, 0x07, 
0xF2, 0x07, 0xF3, 0x07, 0xD3, 0x17, 0xD4, 0x17, 0xF4, 0x07, 0xF1, 0x07, 0xEE, 0x07, 0xF2, 0x07, 
0x12, 0xF8, 0x0E, 0xF8, 0x1A, 0xF0, 0x1E, 0xF0, 0x11, 0xF8, 0x0E, 0xF8, 0x1B, 0xF0, 0x1D, 0xF0, 
0xC7, 0x1F, 0xC6, 0x1F, 0xFF, 0xFF, 0x00, 0x00, 0xD6, 0x17, 0xD4, 0x17, 0xFE, 0xFF, 0x02, 0x00, 
0x11, 0xF8, 0x0C, 0xF8, 0x1A, 0xF0, 0x1F, 0xF0, 0x2E, 0xE8, 0x2A, 0xE8, 0x0D, 0xF8, 0x0F, 0xF8, 
0x01, 0x00, 0x01, 0x00, 0xF2, 0x07, 0xF0, 0x07, 0xE1, 0x0F, 0xE5, 0x0F, 0x02, 0x00, 0xFD, 0xFF, 
0xFF, 0xFF, 0x03, 0x00, 0x1E, 0xF0, 0x1B, 0xF0, 0x1C, 0xF0, 0x1E, 0xF0, 0x0F, 0xF8, 0x0F, 0xF8, 
0x0E, 0xF8, 0x0C, 0xF8, 0xE4, 0x0F, 0xE6, 0x0F, 0xF0, 0x07, 0xEF, 0x07, 0xE4, 0x0F, 0xE4, 0x0F, 
0x00, 0x00, 0x00, 0x00, 0xFF, 0xFF, 0x00, 0x00, 0x1F, 0xF0, 0x1D, 0xF0, 0x0C, 0xF8, 0x0D, 0xF8, 
0x10, 0xF8, 0x11, 0xF8, 0x0F, 0xF8, 0x0B, 0xF8, 0xE1, 0x0F, 0xE8, 0x0F, 0xF4, 0x07, 0xED, 0x07, 
0xEF, 0x07, 0xF4, 0x07, 0x02, 0x00, 0xFF, 0xFF, 0x0E, 0xF8, 0x0F, 0xF8, 0x1C, 0xF0, 0x1D, 0xF0, 
0x10, 0xF8, 0x0F, 0xF8, 0x1B, 0xF0, 0x1C, 0xF0, 0x03, 0x00, 0x00, 0x00, 0xFD, 0xFF, 0x01, 0x00, 
0x02, 0x00, 0xFF, 0xFF, 0xFF, 0xFF, 0x01, 0x00, 0x0E, 0xF8, 0x0E, 0xF8, 0x02, 0x00, 0xFF, 0xFF, 
0x1B, 0xF0, 0x1F, 0xF0, 0x11, 0xF8, 0x0D, 0xF8, 0x0B, 0xF8, 0x10, 0xF8, 0x11, 0xF8, 0x0D, 0xF8, 
0xF0, 0x07, 0xF2, 0x07, 0x02, 0x00, 0x00, 0x00, 0xF0, 0x07, 0xF3, 0x07, 0x00, 0x00, 0xFD, 0xFF, 
0x0F, 0xF8, 0x12, 0xF8, 0x0D, 0xF8, 0x0B, 0xF8, 0x11, 0xF8, 0x11, 0xF8, 0xFE, 0xFF, 0x00, 0x00, 
0x01, 0x00, 0xFE, 0xFF, 0x00, 0x00, 0x02, 0x00, 0xFF, 0xFF, 0xFF, 0xFF, 0x01, 0x00, 0x00, 0x00, 
0x0F, 0xF8, 0x0F, 0xF8, 0x1B, 0xF0, 0x1E, 0xF0, 0x1F, 0xF0, 0x1A, 0xF0, 0x1C, 0xF0, 0x21, 0xF0, 
0x00, 0x00, 0xFC, 0xFF, 0x01, 0x00, 0x03, 0x00, 0x0E, 0xF8, 0x0E, 0xF8, 0xFF, 0xFF, 0xFE, 0xFF, 
0x11, 0xF8, 0x11, 0xF8, 0x0B, 0xF8, 0x0D, 0xF8, 0x21, 0xF0, 0x1E, 0xF0, 0x0B, 0xF8, 0x0E, 0xF8, 
0x03, 0x00, 0xFF, 0xFF, 0xFD, 0xFF, 0x02, 0x00, 0xF5, 0x07, 0xF0, 0x07, 0xFC, 0xFF, 0x01, 0x00, 
0xF6, 0x07, 0xF1, 0x07, 0xFC, 0xFF, 0xFF, 0xFF, 0x02, 0x00, 0x02, 0x00, 0x0F, 0xF8, 0x0D, 0xF8, 
0x0C, 0xF8, 0x10, 0xF8, 0xF5, 0x07, 0xF0, 0x07, 0xFC, 0xFF, 0x01, 0x00, 0x04, 0x00, 0xFF, 0xFF, 
0xFD, 0xFF, 0x01, 0x00, 0x02, 0x00, 0x00, 0x00, 0x0D, 0xF8, 0x0E, 0xF8, 0x00, 0x00, 0x01, 0x00, 
0x10, 0xF8, 0x0D, 0xF8, 0x0D, 0xF8, 0x10, 0xF8, 0x00, 0x00, 0xFE, 0xFF, 0x10, 0xF8, 0x11, 0xF8, 
0xFD, 0xFF, 0xFE, 0xFF, 0x04, 0x00, 0x01, 0x00, 0x0A, 0xF8, 0x0E, 0xF8, 0x12, 0xF8, 0x0F, 0xF8, 
0xFE, 0xFF, 0xFF, 0xFF, 0x10, 0xF8, 0x11, 0xF8, 0xFF, 0xFF, 0xFD, 0xFF, 0x00, 0x00, 0x02, 0x00, 
0x00, 0x00, 0xFE, 0xFF, 0xF2, 0x07, 0xF5, 0x07, 0x00, 0x00, 0xFC, 0xFF, 0x00, 0x00, 0x05, 0x00, 
0xF1, 0x07, 0xEC, 0x07, 0x00, 0x00, 0x04, 0x00, 0x01, 0x00, 0xFE, 0xFF, 0xF0, 0x07, 0xF2, 0x07, 
0x11, 0xF8, 0x0F, 0xF8, 0xEE, 0x07, 0xF1, 0x07, 0x12, 0xF8, 0x0E, 0xF8, 0xFE, 0xFF, 0x02, 0x00, 
0x0F, 0xF8, 0x0C, 0xF8, 0x01, 0x00, 0x02, 0x00, 0xEF, 0x07, 0xF0, 0x07, 0x04, 0x00, 0x01, 0x00, 
0xFC, 0xFF, 0xFF, 0xFF, 0x11, 0xF8, 0x10, 0xF8, 0xF1, 0x07, 0xF0, 0x07, 0xFE, 0xFF, 0x01, 0x00, 
0x05, 0x00, 0x00, 0x00, 0x08, 0xF8, 0x0D, 0xF8, 0xF7, 0x07, 0xF4, 0x07, 0xFD, 0xFF, 0xFD, 0xFF, 
0x01, 0x00, 0x03, 0x00, 0xF2, 0x07, 0xEF, 0x07, 0xFE, 0xFF, 0x02, 0x00, 0xF4, 0x07, 0xF0, 0x07, 
0xFE, 0xFF, 0x01, 0x00, 0x01, 0x00, 0xFF, 0xFF, 0x00, 0x00, 0x01, 0x00, 0xF0, 0x07, 0xF1, 0x07, 
0x03, 0x00, 0x00, 0x00, 0xEE, 0x07, 0xF2, 0x07, 0x12, 0xF8, 0x0D, 0xF8, 0xED, 0x07, 0xF4, 0x07, 
0x14, 0xF8, 0x0C, 0xF8, 0x09, 0xF8, 0x10, 0xF8, 0x13, 0xF8, 0x0F, 0xF8, 0x1B, 0xF0, 0x1A, 0xF0, 
0xFF, 0xFF, 0x05, 0x00, 0x12, 0xF8, 0x09, 0xF8, 0xED, 0x07, 0xF6, 0x07, 0x13, 0xF8, 0x0C, 0xF8, 
0x0B, 0xF8, 0x10, 0xF8, 0x11, 0xF8, 0x0D, 0xF8, 0x0C, 0xF8, 0x10, 0xF8, 0x12, 0xF8, 0x0D, 0xF8, 
0x0A, 0xF8, 0x10, 0xF8, 0x14, 0xF8, 0x0E, 0xF8, 0xFA, 0xFF, 0x00, 0x00, 0xF6, 0x07, 0xF2, 0x07, 
0x0C, 0xF8, 0x0E, 0xF8, 0x10, 0xF8, 0x0E, 0xF8, 0x0E, 0xF8, 0x10, 0xF8, 0x1D, 0xF0, 0x1B, 0xF0, 
0x0F, 0xF8, 0x11, 0xF8, 0xFF, 0xFF, 0xFE, 0xFF, 0x10, 0xF8, 0x0F, 0xF8, 0xFF, 0xFF, 0x00, 0x00, 
0x0F, 0xF8, 0x0E, 0xF8, 0x0E, 0xF8, 0x0F, 0xF8, 0x0F, 0xF8, 0x0F, 0xF8, 0x0E, 0xF8, 0x0D, 0xF8, 
0x10, 0xF8, 0x10, 0xF8, 0x0C, 0xF8, 0x0D, 0xF8, 0x02, 0x00, 0x01, 0x00, 0x0E, 0xF8, 0x0F, 0xF8, 
0xFF, 0xFF, 0xFF, 0xFF, 0x11, 0xF8, 0x0F, 0xF8, 0x0B, 0xF8, 0x0F, 0xF8, 0x03, 0x00, 0xFF, 0xFF, 
0x0E, 0xF8, 0x0F, 0xF8, 0x0D, 0xF8, 0x0F, 0xF8, 0x11, 0xF8, 0x0E, 0xF8, 0x0C, 0xF8, 0x0E, 0xF8, 
0x02, 0x00, 0x01, 0x00, 0xFF, 0xFF, 0xFF, 0xFF, 0x01, 0x00, 0x01, 0x00, 0x0C, 0xF8, 0x0F, 0xF8, 
0x04, 0x00, 0xFD, 0xFF, 0xFC, 0xFF, 0x03, 0x00, 0x12, 0xF8, 0x0D, 0xF8, 0xFD, 0xFF, 0x02, 0x00, 
0x02, 0x00, 0xFD, 0xFF, 0xFF, 0xFF, 0x03, 0x00, 0x00, 0x00, 0xFD, 0xFF, 0x0F, 0xF8, 0x12, 0xF8, 
0x0E, 0xF8, 0x0B, 0xF8, 0x10, 0xF8, 0x12, 0xF8, 0xFD, 0xFF, 0xFD, 0xFF, 0x12, 0xF8, 0x11, 0xF8, 
0x0B, 0xF8, 0x0C, 0xF8, 0x12, 0xF8, 0x11, 0xF8, 0x0C, 0xF8, 0x0C, 0xF8, 0x02, 0x00, 0x02, 0x00, 
0x0D, 0xF8, 0x0D, 0xF8, 0x10, 0xF8, 0x0F, 0xF8, 0x0D, 0xF8, 0x10, 0xF8, 0x10, 0xF8, 0x0C, 0xF8, 
0x0D, 0xF8, 0x10, 0xF8, 0x01, 0x00, 0xFF, 0xFF, 0x00, 0x00, 0x01, 0x00, 0x0D, 0xF8, 0x0F, 0xF8, 
0x03, 0x00, 0xFE, 0xFF, 0xFD, 0xFF, 0x02, 0x00, 0x10, 0xF8, 0x0D, 0xF8, 0x0E, 0xF8, 0x10, 0xF8, 
0x0F, 0xF8, 0x0E, 0xF8, 0x0E, 0xF8, 0x0E, 0xF8, 0x10, 0xF8, 0x0F, 0xF8, 0xFE, 0xFF, 0x00, 0x00, 
0x10, 0xF8, 0x0F, 0xF8, 0x0D, 0xF8, 0x0E, 0xF8, 0x10, 0xF8, 0x0F, 0xF8, 0x0D, 0xF8, 0x0E, 0xF8, 
0x20, 0xF0, 0x1D, 0xF0, 0x0B, 0xF8, 0x0F, 0xF8, 0x10, 0xF8, 0x0F, 0xF8, 0x0F, 0xF8, 0x0D, 0xF8, 
0x0D, 0xF8, 0x10, 0xF8, 0x10, 0xF8, 0x0D, 0xF8, 0x1D, 0xF0, 0x1F, 0xF0, 0x1C, 0xF0, 0x1B, 0xF0, 
0x0F, 0xF8, 0x10, 0xF8, 0x1E, 0xF0, 0x1B, 0xF0, 0x0C, 0xF8, 0x11, 0xF8, 0x11, 0xF8, 0x0D, 0xF8, 
0x0D, 0xF8, 0x10, 0xF8, 0x1E, 0xF0, 0x1B, 0xF0, 0x0E, 0xF8, 0x11, 0xF8, 0x1D, 0xF0, 0x1A, 0xF0, 
0x1C, 0xF0, 0x20, 0xF0, 0x1F, 0xF0, 0x1B, 0xF0, 0x1C, 0xF0, 0x1F, 0xF0, 0x1E, 0xF0, 0x1B, 0xF0, 
0x0D, 0xF8, 0x11, 0xF8, 0x0F, 0xF8, 0x0C, 0xF8, 0x1E, 0xF0, 0x1F, 0xF0, 0x1C, 0xF0, 0x1C, 0xF0, 
0x1E, 0xF0, 0x1D, 0xF0, 0x1C, 0xF0, 0x1E, 0xF0, 0x1E, 0xF0, 0x1C, 0xF0, 0x0D, 0xF8, 0x0F, 0xF8, 
0x11, 0xF8, 0x0E, 0xF8, 0x0B, 0xF8, 0x10, 0xF8, 0x21, 0xF0, 0x1B, 0xF0, 0x1A, 0xF0, 0x1F, 0xF0, 
0x0F, 0xF8, 0x0C, 0xF8, 0x10, 0xF8, 0x11, 0xF8, 0x1B, 0xF0, 0x1C, 0xF0, 0x11, 0xF8, 0x0E, 0xF8, 
0x0C, 0xF8, 0x10, 0xF8, 0x10, 0xF8, 0x0D, 0xF8, 0x0E, 0xF8, 0x10, 0xF8, 0x0E, 0xF8, 0x0C, 0xF8, 
0x11, 0xF8, 0x12, 0xF8, 0x0B, 0xF8, 0x0B, 0xF8, 0x12, 0xF8, 0x12, 0xF8, 0x0C, 0xF8, 0x0C, 0xF8, 
0x10, 0xF8, 0x0F, 0xF8, 0x0D, 0xF8, 0x10, 0xF8, 0x02, 0x00, 0xFE, 0xFF, 0x0D, 0xF8, 0x11, 0xF8, 
0x02, 0x00, 0xFD, 0xFF, 0x0C, 0xF8, 0x12, 0xF8, 0x10, 0xF8, 0x0B, 0xF8, 0x0E, 0xF8, 0x12, 0xF8, 
0x0F, 0xF8, 0x0B, 0xF8, 0xFF, 0xFF, 0x03, 0x00, 0x10, 0xF8, 0x0D, 0xF8, 0xFE, 0xFF, 0x01, 0x00, 
0x10, 0xF8, 0x0D, 0xF8, 0x0E, 0xF8, 0x10, 0xF8, 0x0E, 0xF8, 0x0D, 0xF8, 0x0F, 0xF8, 0x11, 0xF8, 
0x0E, 0xF8, 0x0C, 0xF8, 0x01, 0x00, 0x01, 0x00, 0xFF, 0xFF, 0x00, 0x00, 0x01, 0x00, 0x00, 0x00, 
0xFF, 0xFF, 0x00, 0x00, 0x00, 0x00, 0x00, 0x00, 0x01, 0x00, 0xFF, 0xFF, 0xFF, 0xFF, 0x02, 0x00, 
0x00, 0x00, 0xFF, 0xFF, 0x01, 0x00, 0x00, 0x00, 0xF0, 0x07, 0xF2, 0x07, 0x02, 0x00, 0xFE, 0xFF, 
0xFE, 0xFF, 0x03, 0x00, 0x01, 0x00, 0xFE, 0xFF, 0xFF, 0xFF, 0x02, 0x00, 0x02, 0x00, 0xFE, 0xFF, 
0xFD, 0xFF, 0x01, 0x00, 0x04, 0x00, 0xFF, 0xFF, 0xFC, 0xFF, 0x01, 0x00, 0xF4, 0x07, 0xF1, 0x07, 
0xFF, 0xFF, 0x01, 0x00, 0xF2, 0x07, 0xF0, 0x07, 0xF0, 0x07, 0xF2, 0x07, 0x03, 0x00, 0x00, 0x00, 
0xFC, 0xFF, 0xFF, 0xFF, 0x04, 0x00, 0x03, 0x00, 0xFD, 0xFF, 0xFC, 0xFF, 0xF3, 0x07, 0xF5, 0x07, 
0xF1, 0x07, 0xEF, 0x07, 0xF2, 0x07, 0xF3, 0x07, 0xF0, 0x07, 0xF1, 0x07, 0xF4, 0x07, 0xF1, 0x07, 
0xEE, 0x07, 0xF2, 0x07, 0xF5, 0x07, 0xF2, 0x07, 0xFE, 0xFF, 0xFF, 0xFF, 0xF3, 0x07, 0xF3, 0x07, 
0xF0, 0x07, 0xF0, 0x07, 0xF2, 0x07, 0xF2, 0x07, 0xF1, 0x07, 0xF2, 0x07, 0xF3, 0x07, 0xF1, 0x07, 
0xF1, 0x07, 0xF2, 0x07, 0xFF, 0xFF, 0xFF, 0xFF, 0xF3, 0x07, 0xF4, 0x07, 0xF0, 0x07, 0xEE, 0x07, 
0xF3, 0x07, 0xF5, 0x07, 0xE3, 0x0F, 0xE0, 0x0F, 0xEF, 0x07, 0xF3, 0x07, 0xF5, 0x07, 0xF2, 0x07, 
0xEE, 0x07, 0xF1, 0x07, 0xF5, 0x07, 0xF0, 0x07, 0xE1, 0x0F, 0xE5, 0x0F, 0xF1, 0x07, 0xF0, 0x07, 
0xE5, 0x0F, 0xE4, 0x0F, 0xEF, 0x07, 0xF1, 0x07, 0xE6, 0x0F, 0xE3, 0x0F, 0xE0, 0x0F, 0xE2, 0x0F, 
0xF4, 0x07, 0xF4, 0x07, 0xE1, 0x0F, 0xE0, 0x0F, 0xF3, 0x07, 0xF4, 0x07, 0xF0, 0x07, 0xEF, 0x07, 
0xF3, 0x07, 0xF4, 0x07, 0xF0, 0x07, 0xEF, 0x07, 0xF3, 0x07, 0xF4, 0x07, 0xEF, 0x07, 0xF0, 0x07, 
0xE5, 0x0F, 0xE3, 0x0F, 0xF1, 0x07, 0xF2, 0x07, 0xF1, 0x07, 0xF1, 0x07, 0xF2, 0x07, 0xF1, 0x07, 
0xF0, 0x07, 0xF3, 0x07, 0xF3, 0x07, 0xF0, 0x07, 0xF2, 0x07, 0xF2, 0x07, 0xEF, 0x07, 0xF2, 0x07, 
0xF5, 0x07, 0xEF, 0x07, 0xED, 0x07, 0xF5, 0x07, 0x04, 0x00, 0xFC, 0xFF, 0xFE, 0xFF, 0x04, 0x00, 
0x00, 0x00, 0xFD, 0xFF, 0x01, 0x00, 0x01, 0x00, 0xFF, 0xFF, 0x00, 0x00, 0x00, 0x00, 0xFF, 0xFF, 
0x01, 0x00, 0x03, 0x00, 0xFE, 0xFF, 0xFC, 0xFF, 0x03, 0x00, 0x03, 0x00, 0xFD, 0xFF, 0xFE, 0xFF, 
0x02, 0x00, 0x02, 0x00, 0x0D, 0xF8, 0x0D, 0xF8, 0x10, 0xF8, 0x10, 0xF8, 0x0D, 0xF8, 0x0C, 0xF8, 
0x11, 0xF8, 0x11, 0xF8, 0x0B, 0xF8, 0x0D, 0xF8, 0x12, 0xF8, 0x10, 0xF8, 0x0C, 0xF8, 0x0D, 0xF8, 
0x10, 0xF8, 0x0F, 0xF8, 0x0E, 0xF8, 0x0F, 0xF8, 0x0E, 0xF8, 0x0E, 0xF8, 0x10, 0xF8, 0x0E, 0xF8, 
0x0E, 0xF8, 0x10, 0xF8, 0x0E, 0xF8, 0x0C, 0xF8, 0x0F, 0xF8, 0x12, 0xF8, 0x0E, 0xF8, 0x0C, 0xF8, 
0x1D, 0xF0, 0x1E, 0xF0, 0x1E, 0xF0, 0x1C, 0xF0, 0x1C, 0xF0, 0x1F, 0xF0, 0x1E, 0xF0, 0x1B, 0xF0, 
0x1C, 0xF0, 0x1F, 0xF0, 0x1E, 0xF0, 0x1C, 0xF0, 0x1C, 0xF0, 0x1D, 0xF0, 0x1E, 0xF0, 0x1D, 0xF0, 
0x1C, 0xF0, 0x1E, 0xF0, 0x1F, 0xF0, 0x1C, 0xF0, 0x1A, 0xF0, 0x1D, 0xF0, 0x20, 0xF0, 0x1E, 0xF0, 
0x1C, 0xF0, 0x1B, 0xF0, 0x1C, 0xF0, 0x1F, 0xF0, 0x1F, 0xF0, 0x1C, 0xF0, 0x1B, 0xF0, 0x1E, 0xF0, 
0x1E, 0xF0, 0x1B, 0xF0, 0x1E, 0xF0, 0x1F, 0xF0, 0x1B, 0xF0, 0x1B, 0xF0, 0x1F, 0xF0, 0x1F, 0xF0, 
0x1C, 0xF0, 0x1C, 0xF0, 0x1D, 0xF0, 0x1E, 0xF0, 0x1E, 0xF0, 0x1C, 0xF0, 0x1B, 0xF0, 0x1D, 0xF0, 
0x20, 0xF0, 0x1E, 0xF0, 0x1A, 0xF0, 0x1C, 0xF0, 0x20, 0xF0, 0x1E, 0xF0, 0x1A, 0xF0, 0x1D, 0xF0, 
0x1F, 0xF0, 0x1C, 0xF0, 0x1D, 0xF0, 0x1F, 0xF0, 0x0E, 0xF8, 0x0D, 0xF8, 0x1E, 0xF0, 0x1E, 0xF0, 
0x0D, 0xF8, 0x0D, 0xF8, 0x10, 0xF8, 0x10, 0xF8, 0x1C, 0xF0, 0x1C, 0xF0, 0x1E, 0xF0, 0x1E, 0xF0, 
0x1C, 0xF0, 0x1C, 0xF0, 0x0F, 0xF8, 0x0F, 0xF8, 0x1E, 0xF0, 0x1D, 0xF0, 0x0D, 0xF8, 0x0E, 0xF8, 
0x10, 0xF8, 0x0F, 0xF8, 0x0D, 0xF8, 0x0E, 0xF8, 0x10, 0xF8, 0x0F, 0xF8, 0x0D, 0xF8, 0x0F, 0xF8, 
0xFB, 0xFF, 0xF8, 0xFF, 0xF9, 0xFF, 0xFB, 0xFF, 0xFA, 0xFF, 0xF9, 0xFF, 0xF9, 0xFF, 0xF9, 0xFF, 
0xFA, 0xFF, 0xFB, 0xFF, 0xF9, 0xFF, 0xF9, 0xFF, 0xFA, 0xFF, 0xF9, 0xFF, 0xFA, 0xFF, 0xFB, 0xFF, 
0xF8, 0xFF, 0xF7, 0xFF, 0xFC, 0xFF, 0xFC, 0xFF, 0xF7, 0xFF, 0xF8, 0xFF, 0x02, 0x00, 0x02, 0x00, 
0xF9, 0xFF, 0xF7, 0xFF, 0xFF, 0xFF, 0x02, 0x00, 0x02, 0x00, 0xFF, 0xFF, 0xFE, 0xFF, 0x00, 0x00, 
0xFB, 0xFF, 0xFB, 0xFF, 0xFF, 0xFF, 0xFD, 0xFF, 0x00, 0x00, 0x04, 0x00, 0x01, 0x00, 0xFC, 0xFF, 
0xFF, 0xFF, 0x04, 0x00, 0x00, 0x00, 0xFD, 0xFF, 0x01, 0x00, 0x02, 0x00, 0xFF, 0xFF, 0xFE, 0xFF, 
0x01, 0x00, 0x02, 0x00, 0xFF, 0xFF, 0xFF, 0xFF, 0x01, 0x00, 0x00, 0x00, 0xFF, 0xFF, 0x01, 0x00, 
0x02, 0x00, 0xFE, 0xFF, 0xFD, 0xFF, 0x02, 0x00, 0x03, 0x00, 0xFF, 0xFF, 0xFE, 0xFF, 0x00, 0x00, 
0x02, 0x00, 0x00, 0x00, 0x05, 0x00, 0x07, 0x00, 0x00, 0x00, 0xFF, 0xFF, 0x00, 0x00, 0x01, 0x00, 
0x00, 0x00, 0xFF, 0xFF, 0x00, 0x00, 0x01, 0x00, 0x01, 0x00, 0xFF, 0xFF, 0xFE, 0xFF, 0x01, 0x00, 
0x02, 0x00, 0xFF, 0xFF, 0xFE, 0xFF, 0x01, 0x00, 0x02, 0x00, 0x00, 0x00, 0xFD, 0xFF, 0xFF, 0xFF, 
0x04, 0x00, 0x01, 0x00, 0xFC, 0xFF, 0xFF, 0xFF, 0x04, 0x00, 0x02, 0x00, 0xFD, 0xFF, 0xFE, 0xFF, 
0x01, 0x00, 0x01, 0x00, 0x00, 0x00, 0xFF, 0xFF, 0xFF, 0xFF, 0x01, 0x00, 0x02, 0x00, 0x00, 0x00, 
0xFE, 0xFF, 0xFF, 0xFF, 0x02, 0x00, 0x01, 0x00, 0xFF, 0xFF, 0xFF, 0xFF, 0xFF, 0xFF, 0x02, 0x00, 
0x02, 0x00, 0xFD, 0xFF, 0xFD, 0xFF, 0x03, 0x00, 0x04, 0x00, 0xFE, 0xFF, 0xFC, 0xFF, 0x02, 0x00, 
0x04, 0x00, 0xFE, 0xFF, 0xFD, 0xFF, 0x02, 0x00, 0x01, 0x00, 0xFD, 0xFF, 0x01, 0x00, 0x04, 0x00, 
0xFD, 0xFF, 0xFD, 0xFF, 0x05, 0x00, 0x02, 0x00, 0xFB, 0xFF, 0xFE, 0xFF, 0x04, 0x00, 0x02, 0x00, 
0xFD, 0xFF, 0xFF, 0xFF, 0x02, 0x00, 0x01, 0x00, 0xF9, 0xFF, 0xF8, 0xFF, 0xF9, 0xFF, 0xFB, 0xFF, 
0xFA, 0xFF, 0xF8, 0xFF, 0xF9, 0xFF, 0xFC, 0xFF, 0xFA, 0xFF, 0xF8, 0xFF, 0xFA, 0xFF, 0x00, 0x00, 
0xF9, 0xFF, 0xFB, 0xFF, 0xF9, 0xFF, 0xF6, 0xFF, 0xFB, 0xFF, 0xFE, 0xFF, 0xF7, 0xFF, 0xF6, 0xFF, 
0xFD, 0xFF, 0xFC, 0xFF, 0xF7, 0xFF, 0xF9, 0xFF, 0xFA, 0xFF, 0xF9, 0xFF, 0xFA, 0xFF, 0xF9, 0xFF, 
0xFA, 0xFF, 0xFC, 0xFF, 0xF9, 0xFF, 0xF6, 0xFF, 0xFA, 0xFF, 0xFD, 0xFF, 0xF9, 0xFF, 0xF8, 0xFF, 
0xF8, 0xFF, 0xF9, 0xFF, 0xFD, 0xFF, 0xFB, 0xFF, 0xF7, 0xFF, 0xF7, 0xFF, 0x02, 0x00, 0x03, 0x00, 
0xF8, 0xFF, 0xF7, 0xFF, 0xFA, 0xFF, 0xFB, 0xFF, 0xF9, 0xFF, 0xFA, 0xFF, 0x00, 0x00, 0xFE, 0xFF, 
0x02, 0x00, 0x02, 0x00, 0xFD, 0xFF, 0xFF, 0xFF, 0xFD, 0xFF, 0xF9, 0xFF, 0xF6, 0xFF, 0xFB, 0xFF, 
0x02, 0x00, 0xFF, 0xFF, 0xF9, 0xFF, 0xFA, 0xFF, 0xFA, 0xFF, 0xFA, 0xFF, 0xF9, 0xFF, 0xF8, 0xFF, 
0xFA, 0xFF, 0xFB, 0xFF, 0xFF, 0xFF, 0xFF, 0xFF, 0xFA, 0xFF, 0xFB, 0xFF, 0x00, 0x00, 0xFF, 0xFF, 
0xFA, 0xFF, 0xF9, 0xFF, 0x00, 0x00, 0x02, 0x00, 0xFF, 0xFF, 0xF7, 0xFF, 0x01, 0x00, 0x02, 0x00, 
0xF8, 0xFF, 0xF9, 0xFF, 0xFC, 0xFF, 0xF9, 0xFF, 0xF8, 0xFF, 0xFB, 0xFF, 0xFA, 0xFF, 0xF8, 0xFF, 
0x00, 0x00, 0x00, 0x00, 0xF9, 0xFF, 0xFB, 0xFF, 0x01, 0x00, 0xFE, 0xFF, 0xF9, 0xFF, 0xFC, 0xFF, 
0xF9, 0xFF, 0xF8, 0xFF, 0x00, 0x00, 0x00, 0x00, 0xFB, 0xFF, 0xFA, 0xFF, 0xF8, 0xFF, 0xF9, 0xFF, 
0xFB, 0xFF, 0xFB, 0xFF, 0xF8, 0xFF, 0xF9, 0xFF, 0x01, 0x00, 0xFF, 0xFF, 0x00, 0x00, 0x02, 0x00, 
0x00, 0x00, 0xFD, 0xFF, 0xFA, 0xFF, 0xFD, 0xFF, 0xFF, 0xFF, 0xFD, 0xFF, 0xFB, 0xFF, 0xFB, 0xFF, 
0xF8, 0xFF, 0xFA, 0xFF, 0xFB, 0xFF, 0xF8, 0xFF, 0xF9, 0xFF, 0xFC, 0xFF, 0x00, 0x00, 0xFC, 0xFF, 
0xFA, 0xFF, 0xFE, 0xFF, 0xF8, 0xFF, 0xF6, 0xFF, 0xFB, 0xFF, 0xFD, 0xFF, 0xF9, 0xFF, 0xF7, 0xFF, 
0x01, 0x00, 0x00, 0x00, 0xF8, 0xFF, 0xFC, 0xFF, 0xFB, 0xFF, 0xF6, 0xFF, 0xF7, 0xFF, 0xFD, 0xFF, 
0xFE, 0xFF, 0xF7, 0xFF, 0xFB, 0xFF, 0x01, 0x00, 0xF8, 0xFF, 0xF4, 0xFF, 0xF5, 0xFF, 0xF7, 0xFF, 
0xFE, 0xFF, 0xFD, 0xFF, 0xF6, 0xFF, 0xF6, 0xFF, 0xFC, 0xFF, 0xFD, 0xFF, 0xF2, 0xFF, 0xF0, 0xFF, 
0xF9, 0xFF, 0xFC, 0xFF, 0xF5, 0xFF, 0xF2, 0xFF, 0xF1, 0xFF, 0xF3, 0xFF, 0xFC, 0xFF, 0xFB, 0xFF, 
0xF1, 0xFF, 0xF1, 0xFF, 0xF4, 0xFF, 0xF5, 0xFF, 0xF9, 0xFF, 0xF8, 0xFF, 0xFA, 0xFF, 0xFB, 0xFF, 
0xF4, 0xFF, 0xF2, 0xFF, 0xF2, 0xFF, 0xF5, 0xFF, 0xF4, 0xFF, 0xF0, 0xFF, 0xF2, 0xFF, 0xF7, 0xFF, 
0xFA, 0xFF, 0xF5, 0xFF, 0xF4, 0xFF, 0xF8, 0xFF, 0xF2, 0xFF, 0xF0, 0xFF, 0xF4, 0xFF, 0xF4, 0xFF, 
0xF3, 0xFF, 0xF4, 0xFF, 0xF3, 0xFF, 0xF1, 0xFF, 0xF3, 0xFF, 0xF5, 0xFF, 0xFB, 0xFF, 0xF9, 0xFF, 
0xF7, 0xFF, 0xF9, 0xFF, 0xF6, 0xFF, 0xF5, 0xFF, 0xF7, 0xFF, 0xF7, 0xFF, 0xF5, 0xFF, 0xF5, 0xFF, 
0xF3, 0xFF, 0xF2, 0xFF, 0xF2, 0xFF, 0xF4, 0xFF, 0xF5, 0xFF, 0xF3, 0xFF, 0xF6, 0xFF, 0xF9, 0xFF, 
0xF7, 0xFF, 0xF4, 0xFF, 0xF7, 0xFF, 0xF9, 0xFF, 0xFC, 0xFF, 0xFA, 0xFF, 0xF7, 0xFF, 0xF9, 0xFF, 
0xFB, 0xFF, 0xFB, 0xFF, 0xF2, 0xFF, 0xF1, 0xFF, 0xFB, 0xFF, 0xFC, 0xFF, 0xF8, 0xFF, 0xF7, 0xFF, 
0xFB, 0xFF, 0xFC, 0xFF, 0xF2, 0xFF, 0xF2, 0xFF, 0xFA, 0xFF, 0xFA, 0xFF, 0xFA, 0xFF, 0xF9, 0xFF, 
0xF8, 0xFF, 0xFA, 0xFF, 0xFC, 0xFF, 0xF9, 0xFF, 0xF7, 0xFF, 0xFB, 0xFF, 0xFC, 0xFF, 0xF8, 0xFF, 
0xF7, 0xFF, 0xFA, 0xFF, 0xFC, 0xFF, 0xFA, 0xFF, 0xF9, 0xFF, 0xF9, 0xFF, 0xF9, 0xFF, 0xFA, 0xFF, 
0xF4, 0xFF, 0xF3, 0xFF, 0xF8, 0xFF, 0xF9, 0xFF, 0xFB, 0xFF, 0xFB, 0xFF, 0x00, 0x00, 0xFE, 0xFF, 
0xF9, 0xFF, 0xFB, 0xFF, 0x01, 0x00, 0x00, 0x00, 0xF8, 0xFF, 0xF9, 0xFF, 0x02, 0x00, 0x00, 0x00, 
0xFF, 0xFF, 0x00, 0x00, 0xF8, 0xFF, 0xFA, 0xFF, 0xFD, 0xFF, 0xF9, 0xFF, 0xFC, 0xFF, 0x01, 0x00, 
0x04, 0x00, 0xFE, 0xFF, 0xFD, 0xFF, 0x02, 0x00, 0xFC, 0xFF, 0xF8, 0xFF, 0xFD, 0xFF, 0x01, 0x00, 
0x03, 0x00, 0xFF, 0xFF, 0xFE, 0xFF, 0x01, 0x00, 0x01, 0x00, 0xFF, 0xFF, 0x00, 0x00, 0x01, 0x00, 
0xFF, 0xFF, 0xFF, 0xFF, 0x02, 0x00, 0x00, 0x00, 0xFE, 0xFF, 0x01, 0x00, 0x01, 0x00, 0xFE, 0xFF, 
0xFF, 0xFF, 0x03, 0x00, 0x01, 0x00, 0xFD, 0xFF, 0xFA, 0xFF, 0xFB, 0xFF, 0xFE, 0xFF, 0x00, 0x00, 
0x02, 0x00, 0x00, 0x00, 0xFE, 0xFF, 0x00, 0x00, 0x02, 0x00, 0xFF, 0xFF, 0xFF, 0xFF, 0x01, 0x00, 
0x00, 0x00, 0xFF, 0xFF, 0xFF, 0xFF, 0x01, 0x00, 0x02, 0x00, 0x01, 0x00, 0xF8, 0xFF, 0xF7, 0xFF, 
0x01, 0x00, 0xFC, 0xFF, 0x00, 0x00, 0xFE, 0xFF, 0xFE, 0xFF, 0x01, 0x00, 0xFD, 0xFF, 0xFA, 0xFF, 
0xFD, 0xFF, 0xF8, 0xFF, 0xFC, 0xFF, 0xFC, 0xFF, 0xFD, 0xFF, 0xFE, 0xFF, 0x03, 0x00, 0x00, 0x00, 
0xF8, 0xFF, 0xFB, 0xFF, 0x02, 0x00, 0xFD, 0xFF, 0xF7, 0xFF, 0xFD, 0xFF, 0x01, 0x00, 0xFE, 0xFF, 
0x01, 0x00, 0x00, 0x00, 0xFF, 0xFF, 0x01, 0x00, 0x02, 0x00, 0xFF, 0xFF, 0xFC, 0xFF, 0x00, 0x00, 
0x05, 0x00, 0x02, 0x00, 0xF4, 0xFF, 0xF6, 0xFF, 0x06, 0x00, 0x04, 0x00, 0xFB, 0xFF, 0xFC, 0xFF, 
0x03, 0x00, 0x03, 0x00, 0xFF, 0xFF, 0x00, 0x00, 0xFF, 0xFF, 0xFD, 0xFF, 0x02, 0x00, 0x04, 0x00, 
0xFE, 0xFF, 0xFD, 0xFF, 0x02, 0x00, 0x01, 0x00, 0xFE, 0xFF, 0x01, 0x00, 0x02, 0x00, 0xFE, 0xFF, 
0xFE, 0xFF, 0x02, 0x00, 0x02, 0x00, 0xFF, 0xFF, 0xFF, 0xFF, 0x00, 0x00, 0x00, 0x00, 0x00, 0x00, 
0x00, 0x00, 0x00, 0x00, 0xFA, 0xFF, 0xFA, 0xFF, 0xF8, 0xFF, 0xF9, 0xFF, 0x03, 0x00, 0x00, 0x00, 
0xF6, 0xFF, 0xFB, 0xFF, 0x03, 0x00, 0xFD, 0xFF, 0xF7, 0xFF, 0xFD, 0xFF, 0xFC, 0xFF, 0xF6, 0xFF, 
0xFE, 0xFF, 0x04, 0x00, 0xFB, 0xFF, 0xF6, 0xFF, 0xFF, 0xFF, 0x02, 0x00, 0x01, 0x00, 0x00, 0x00, 
0xF9, 0xFF, 0xF8, 0xFF, 0xFA, 0xFF, 0xFC, 0xFF, 0xFF, 0xFF, 0xFE, 0xFF, 0x01, 0x00, 0x00, 0x00, 
0xF9, 0xFF, 0xFB, 0xFF, 0xFA, 0xFF, 0xF8, 0xFF, 0xFA, 0xFF, 0xFB, 0xFF, 0xFE, 0xFF, 0xFF, 0xFF, 
0x03, 0x00, 0x00, 0x00, 0xF6, 0xFF, 0xF9, 0xFF, 0xFD, 0xFF, 0xFB, 0xFF, 0xF7, 0xFF, 0xF8, 0xFF, 
0x01, 0x00, 0x02, 0x00, 0x01, 0x00, 0xFE, 0xFF, 0xFE, 0xFF, 0x01, 0x00, 0x03, 0x00, 0x00, 0x00, 
0xFD, 0xFF, 0xFF, 0xFF, 0x02, 0x00, 0x02, 0x00, 0xF8, 0xFF, 0xF7, 0xFF, 0xFB, 0xFF, 0xFC, 0xFF, 
0x00, 0x00, 0xFE, 0xFF, 0xFF, 0xFF, 0x02, 0x00, 0x01, 0x00, 0xFE, 0xFF, 0xFE, 0xFF, 0x02, 0x00, 
0xFC, 0xFF, 0xF7, 0xFF, 0xFF, 0xFF, 0x02, 0x00, 0x00, 0x00, 0x00, 0x00, 0xF9, 0xFF, 0xF8, 0xFF, 
0xFA, 0xFF, 0xFC, 0xFF, 0x00, 0x00, 0xFE, 0xFF, 0x00, 0x00, 0x01, 0x00, 0xFA, 0xFF, 0xFA, 0xFF, 
0xF8, 0xFF, 0xF8, 0xFF, 0xFB, 0xFF, 0xFB, 0xFF, 0xFA, 0xFF, 0xF9, 0xFF, 0xF8, 0xFF, 0xFA, 0xFF, 
0xFB, 0xFF, 0xFA, 0xFF, 0xF9, 0xFF, 0xF8, 0xFF, 0xFF, 0xFF, 0x01, 0x00, 0xFC, 0xFF, 0xFA, 0xFF, 
0xFD, 0xFF, 0xFF, 0xFF, 0xFD, 0xFF, 0xFA, 0xFF, 0xF6, 0xFF, 0xF9, 0xFF, 0x03, 0x00, 0x01, 0x00, 
0xFE, 0xFF, 0xF9, 0xFF, 0xFA, 0xFF, 0xFB, 0xFF, 0xFB, 0xFF, 0xF6, 0xFF, 0xFE, 0xFF, 0x03, 0x00, 
0xFA, 0xFF, 0xF8, 0xFF, 0x02, 0x00, 0x01, 0x00, 0xF6, 0xFF, 0xF9, 0xFF, 0x05, 0x00, 0x01, 0x00, 
0xF5, 0xFF, 0xFD, 0xFF, 0x03, 0x00, 0x05, 0x00, 0xFE, 0xFF, 0xFB, 0xFF, 0x01, 0x00, 0x03, 0x00, 
0x00, 0x00, 0x00, 0x00, 0xFF, 0xFF, 0xFD, 0xFF, 0x01, 0x00, 0x04, 0x00, 0x00, 0x00, 0xFE, 0xFF, 
0xFF, 0xFF, 0x00, 0x00, 0x01, 0x00, 0x01, 0x00, 0xF8, 0xFF, 0xF8, 0xFF, 0x02, 0x00, 0x01, 0x00, 
0xFE, 0xFF, 0x00, 0x00, 0x02, 0x00, 0x00, 0x00, 0xFE, 0xFF, 0xFF, 0xFF, 0x02, 0x00, 0x02, 0x00, 
0xFF, 0xFF, 0xFE, 0xFF, 0x00, 0x00, 0x02, 0x00, 0x01, 0x00, 0xFE, 0xFF, 0xF7, 0xFF, 0xFB, 0xFF, 
0xFE, 0xFF, 0xF9, 0xFF, 0xFA, 0xFF, 0x00, 0x00, 0x00, 0x00, 0xF9, 0xFF, 0xF4, 0xFF, 0xFB, 0xFF, 
0xFE, 0xFF, 0xF8, 0xFF, 0xF6, 0xFF, 0xFB, 0xFF, 0xFC, 0xFF, 0xF8, 0xFF, 0xF8, 0xFF, 0xFA, 0xFF, 
0xFA, 0xFF, 0xFA, 0xFF, 0xFA, 0xFF, 0xFA, 0xFF, 0xFF, 0xFF, 0xF8, 0xFF, 0xFB, 0xFF, 0xFB, 0xFF, 
0xF9, 0xFF, 0xF9, 0xFF, 0xF8, 0xFF, 0xF9, 0xFF, 0xFC, 0xFF, 0xFB, 0xFF, 0xF7, 0xFF, 0xF8, 0xFF, 
0xFC, 0xFF, 0xFB, 0xFF, 0xF8, 0xFF, 0xF9, 0xFF, 0xFA, 0xFF, 0xF9, 0xFF, 0xFF, 0xFF, 0x01, 0x00, 
0xFC, 0xFF, 0xF9, 0xFF, 0xF7, 0xFF, 0xFA, 0xFF, 0xFB, 0xFF, 0xFA, 0xFF, 0xF9, 0xFF, 0xF8, 0xFF, 
0xFA, 0xFF, 0xFB, 0xFF, 0x00, 0x00, 0xFF, 0xFF, 0x00, 0x00, 0x01, 0x00, 0xFA, 0xFF, 0xFA, 0xFF, 
0xF8, 0xFF, 0xF8, 0xFF, 0xFC, 0xFF, 0xFB, 0xFF, 0xF8, 0xFF, 0xF8, 0xFF, 0xFA, 0xFF, 0xFB, 0xFF, 
0x01, 0x00, 0x00, 0x00, 0xF8, 0xFF, 0xFA, 0xFF, 0xFB, 0xFF, 0xF9, 0xFF, 0xFF, 0xFF, 0xFF, 0xFF, 
0xFA, 0xFF, 0xFC, 0xFF, 0xFA, 0xFF, 0xF6, 0xFF, 0xF8, 0xFF, 0xFF, 0xFF, 0xFC, 0xFF, 0xF4, 0xFF, 
0xF6, 0xFF, 0xFD, 0xFF, 0x04, 0x00, 0xFF, 0xFF, 0xF5, 0xFF, 0xF9, 0xFF, 0xFE, 0xFF, 0xFB, 0xFF, 
0xF6, 0xFF, 0xF8, 0xFF, 0xFC, 0xFF, 0xFA, 0xFF, 0xFE, 0xFF, 0x01, 0x00, 0x01, 0x00, 0xFE, 0xFF, 
0xFF, 0xFF, 0x02, 0x00, 0xFB, 0xFF, 0xF8, 0xFF, 0xFF, 0xFF, 0x01, 0x00, 0xFA, 0xFF, 0xF9, 0xFF, 
0x00, 0x00, 0x00, 0x00, 0xF9, 0xFF, 0xFA, 0xFF, 0xFA, 0xFF, 0xF9, 0xFF, 0x00, 0x00, 0x01, 0x00, 
0xFF, 0xFF, 0xFF, 0xFF, 0x02, 0x00, 0x00, 0x00, 0xF8, 0xFF, 0xFA, 0xFF, 0xFB, 0xFF, 0xFA, 0xFF, 
0xF8, 0xFF, 0xF9, 0xFF, 0xFB, 0xFF, 0xFA, 0xFF, 0xF7, 0xFF, 0xF8, 0xFF, 0xFE, 0xFF, 0xFB, 0xFF, 
0xF5, 0xFF, 0xF9, 0xFF, 0xFE, 0xFF, 0xFA, 0xFF, 0xF6, 0xFF, 0xF9, 0xFF, 0x02, 0x00, 0x01, 0x00, 
0xFF, 0xFF, 0xFF, 0xFF, 0xFA, 0xFF, 0xFA, 0xFF, 0x00, 0x00, 0x01, 0x00, 0xFF, 0xFF, 0xFE, 0xFF, 
0x02, 0x00, 0x02, 0x00, 0xFE, 0xFF, 0xFF, 0xFF, 0x01, 0x00, 0x00, 0x00, 0x00, 0x00, 0x01, 0x00, 
0xF9, 0xFF, 0xF8, 0xFF, 0x00, 0x00, 0x02, 0x00, 0x01, 0x00, 0xFD, 0xFF, 0xFE, 0xFF, 0x03, 0x00, 
0x03, 0x00, 0xFE, 0xFF, 0xFD, 0xFF, 0x01, 0x00, 0x02, 0x00, 0x00, 0x00, 0xF9, 0xFF, 0xF9, 0xFF, 
0xF9, 0xFF, 0xFA, 0xFF, 0xFB, 0xFF, 0xF9, 0xFF, 0xFE, 0xFF, 0x01, 0x00, 0xFB, 0xFF, 0xF9, 0xFF, 
0xF9, 0xFF, 0xFA, 0xFF, 0xF9, 0xFF, 0xF9, 0xFF, 0xFB, 0xFF, 0xFA, 0xFF, 0xF9, 0xFF, 0xF9, 0xFF, 
0xF9, 0xFF, 0xFB, 0xFF, 0xFA, 0xFF, 0xF7, 0xFF, 0xF9, 0xFF, 0xFC, 0xFF, 0x00, 0x00, 0xFE, 0xFF, 
0xFB, 0xFF, 0xFB, 0xFF, 0xF8, 0xFF, 0xF9, 0xFF, 0xFA, 0xFF, 0xFA, 0xFF, 0xFA, 0xFF, 0xF9, 0xFF, 
0xFF, 0xFF, 0x01, 0x00, 0xFA, 0xFF, 0xF8, 0xFF, 0xFA, 0xFF, 0xFB, 0xFF, 0xF9, 0xFF, 0xF9, 0xFF, 
0xFB, 0xFF, 0xFA, 0xFF, 0xF7, 0xFF, 0xFA, 0xFF, 0xFC, 0xFF, 0xF9, 0xFF, 0xF8, 0xFF, 0xF9, 0xFF, 
0xFA, 0xFF, 0xFB, 0xFF, 0xFB, 0xFF, 0xF8, 0xFF, 0xF8, 0xFF, 0xFB, 0xFF, 0xF9, 0xFF, 0xF9, 0xFF, 
0xFC, 0xFF, 0xF8, 0xFF, 0xF7, 0xFF, 0xFD, 0xFF, 0xFB, 0xFF, 0xF5, 0xFF, 0x01, 0x00, 0x05, 0x00, 
0xFD, 0xFF, 0xFC, 0xFF, 0x03, 0x00, 0x02, 0x00, 0xFF, 0xFF, 0xFF, 0xFF, 0x00, 0x00, 0x00, 0x00, 
0xF9, 0xFF, 0xFB, 0xFF, 0xFA, 0xFF, 0xF8, 0xFF, 0xFA, 0xFF, 0xFB, 0xFF, 0xFA, 0xFF, 0xF7, 0xFF, 
0xF9, 0xFF, 0xFC, 0xFF, 0xFF, 0xFF, 0x00, 0x00, 0xFB, 0xFF, 0xF8, 0xFF, 0xF9, 0xFF, 0xFB, 0xFF, 
0xFA, 0xFF, 0xF8, 0xFF, 0xF9, 0xFF, 0xFA, 0xFF, 0xF9, 0xFF, 0xFB, 0xFF, 0xFB, 0xFF, 0xF7, 0xFF, 
0xF9, 0xFF, 0xFC, 0xFF, 0xF9, 0xFF, 0xF8, 0xFF, 0xFA, 0xFF, 0xF9, 0xFF, 0xF9, 0xFF, 0xFC, 0xFF, 
0xFA, 0xFF, 0xF7, 0xFF, 0xFA, 0xFF, 0xFB, 0xFF, 0xF9, 0xFF, 0xF9, 0xFF, 0xFA, 0xFF, 0xF9, 0xFF, 
0xF9, 0xFF, 0xFC, 0xFF, 0xF9, 0xFF, 0xF7, 0xFF, 0xFB, 0xFF, 0xFB, 0xFF, 0xF8, 0xFF, 0xF9, 0xFF, 
0xFC, 0xFF, 0xFA, 0xFF, 0xF7, 0xFF, 0xF9, 0xFF, 0xFB, 0xFF, 0xFB, 0xFF, 0xF9, 0xFF, 0xF8, 0xFF, 
0xF9, 0xFF, 0xFA, 0xFF, 0xFB, 0xFF, 0xFA, 0xFF, 0xFE, 0xFF, 0xFF, 0xFF, 0xFC, 0xFF, 0xFB, 0xFF, 
0xF7, 0xFF, 0xF9, 0xFF, 0xFC, 0xFF, 0xF8, 0xFF, 0xF8, 0xFF, 0xFC, 0xFF, 0xFA, 0xFF, 0xF7, 0xFF, 
0xFA, 0xFF, 0xFC, 0xFF, 0xF9, 0xFF, 0xF8, 0xFF, 0xFA, 0xFF, 0xFB, 0xFF, 0xFF, 0xFF, 0xFD, 0xFF, 
0xFB, 0xFF, 0xFE, 0xFF, 0xF9, 0xFF, 0xF5, 0xFF, 0xF9, 0xFF, 0xFE, 0xFF, 0xFB, 0xFF, 0xF6, 0xFF, 
0xF7, 0xFF, 0xFC, 0xFF, 0xFC, 0xFF, 0xF8, 0xFF, 0xF8, 0xFF, 0xFB, 0xFF, 0xFB, 0xFF, 0xF8, 0xFF, 
0xF8, 0xFF, 0xFB, 0xFF, 0x01, 0x00, 0xFE, 0xFF, 0xFF, 0xFF, 0x03, 0x00, 0x01, 0x00, 0xFD, 0xFF, 
0xFF, 0xFF, 0x02, 0x00, 0x02, 0x00, 0xFE, 0xFF, 0xFE, 0xFF, 0x02, 0x00, 0x00, 0x00, 0xFF, 0xFF, 
0x02, 0x00, 0x01, 0x00, 0xF6, 0xFF, 0xF8, 0xFF, 0x05, 0x00, 0x01, 0x00, 0xFB, 0xFF, 0xFF, 0xFF, 
0xFD, 0xFF, 0xFC, 0xFF, 0xF7, 0xFF, 0xF6, 0xFF, 0xFB, 0xFF, 0xFD, 0xFF, 0xFA, 0xFF, 0xF8, 0xFF, 
0xF9, 0xFF, 0xF9, 0xFF, 0xFF, 0xFF, 0x02, 0x00, 0xFC, 0xFF, 0xF7, 0xFF, 0xF5, 0xFF, 0xFC, 0xFF, 
0x06, 0x00, 0xFF, 0xFF, 0xFA, 0xFF, 0x01, 0x00, 0xFF, 0xFF, 0xF8, 0xFF, 0xFC, 0xFF, 0x01, 0x00, 
0x03, 0x00, 0x00, 0x00, 0xFD, 0xFF, 0xFF, 0xFF, 0x03, 0x00, 0x02, 0x00, 0xFD, 0xFF, 0xFE, 0xFF, 
0x04, 0x00, 0x01, 0x00, 0xFC, 0xFF, 0x00, 0x00, 0x03, 0x00, 0xFE, 0xFF, 0xFE, 0xFF, 0x03, 0x00, 
0xFB, 0xFF, 0xF7, 0xFF, 0xFF, 0xFF, 0x03, 0x00, 0x01, 0x00, 0xFD, 0xFF, 0xF8, 0xFF, 0xFB, 0xFF, 
0xFB, 0xFF, 0xF9, 0xFF, 0xF9, 0xFF, 0xFA, 0xFF, 0xFA, 0xFF, 0xFA, 0xFF, 0xF9, 0xFF, 0xF9, 0xFF, 
0xFA, 0xFF, 0xFA, 0xFF, 0xF9, 0xFF, 0xF8, 0xFF, 0xFA, 0xFF, 0xFC, 0xFF, 0xF9, 0xFF, 0xF7, 0xFF, 
0xFB, 0xFF, 0xFC, 0xFF, 0xF9, 0xFF, 0xF8, 0xFF, 0xF8, 0xFF, 0xFA, 0xFF, 0xFC, 0xFF, 0xF9, 0xFF, 
0xF6, 0xFF, 0xFB, 0xFF, 0x04, 0x00, 0xFE, 0xFF, 0xF7, 0xFF, 0xFC, 0xFF, 0x00, 0x00, 0xFE, 0xFF, 
0x01, 0x00, 0x01, 0x00, 0xFF, 0xFF, 0xF9, 0xFF, 0x01, 0x00, 0x00, 0x00, 0xF9, 0xFF, 0xFB, 0xFF, 
0xFF, 0xFF, 0xFD, 0xFF, 0xFB, 0xFF, 0xFE, 0xFF, 0xFF, 0xFF, 0xFA, 0xFF, 0xFB, 0xFF, 0x00, 0x00, 
0xFE, 0xFF, 0xFA, 0xFF, 0xFC, 0xFF, 0xFF, 0xFF, 0xF7, 0xFF, 0xF5, 0xFF, 0xFB, 0xFF, 0xFD, 0xFF, 
0xF9, 0xFF, 0xF7, 0xFF, 0xFB, 0xFF, 0xFA, 0xFF, 0xF7, 0xFF, 0xFB, 0xFF, 0x03, 0x00, 0xFE, 0xFF, 
0xF6, 0xFF, 0xFB, 0xFF, 0x03, 0x00, 0x00, 0x00, 0xF9, 0xFF, 0xF8, 0xFF, 0xF8, 0xFF, 0xFC, 0xFF, 
0xFD, 0xFF, 0xF7, 0xFF, 0xFB, 0xFF, 0x02, 0x00, 0xFE, 0xFF, 0xF9, 0xFF, 0xFD, 0xFF, 0x00, 0x00, 
0xFB, 0xFF, 0xF9, 0xFF, 0x00, 0x00, 0x02, 0x00, 0xF9, 0xFF, 0xF6, 0xFF, 0x00, 0x00, 0x04, 0x00, 
0x00, 0x00, 0xFD, 0xFF, 0xFA, 0xFF, 0xFB, 0xFF, 0xFF, 0xFF, 0x01, 0x00, 0x01, 0x00, 0xFE, 0xFF, 
0xFF, 0xFF, 0x01, 0x00, 0x01, 0x00, 0x00, 0x00, 0xFF, 0xFF, 0x00, 0x00, 0x02, 0x00, 0x00, 0x00, 
0xFE, 0xFF, 0x01, 0x00, 0x01, 0x00, 0xFE, 0xFF, 0xFF, 0xFF, 0x02, 0x00, 0x01, 0x00, 0xFE, 0xFF, 
0x00, 0x00, 0x02, 0x00, 0x00, 0x00, 0xFF, 0xFF, 0xFF, 0xFF, 0x00, 0x00, 0x01, 0x00, 0x00, 0x00, 
0x00, 0x00, 0xFF, 0xFF, 0xFF, 0xFF, 0x02, 0x00, 0x02, 0x00, 0xFE, 0xFF, 0xFC, 0xFF, 0x02, 0x00, 
0x05, 0x00, 0xFE, 0xFF, 0xFC, 0xFF, 0x01, 0x00, 0x03, 0x00, 0x00, 0x00, 0xFE, 0xFF, 0x00, 0x00, 
0x01, 0x00, 0x00, 0x00, 0xFF, 0xFF, 0x00, 0x00, 0x02, 0x00, 0x00, 0x00, 0xFE, 0xFF, 0xFF, 0xFF, 
0x02, 0x00, 0x02, 0x00, 0xFD, 0xFF, 0xFF, 0xFF, 0x04, 0x00, 0xFF, 0xFF, 0xFB, 0xFF, 0x02, 0x00, 
0x06, 0x00, 0xFE, 0xFF, 0xFA, 0xFF, 0x01, 0x00, 0x05, 0x00, 0x01, 0x00, 0xFC, 0xFF, 0xFD, 0xFF, 
0x03, 0x00, 0x03, 0x00, 0xFD, 0xFF, 0xFE, 0xFF, 0x03, 0x00, 0x01, 0x00, 0xFE, 0xFF, 0x00, 0x00, 
0x00, 0x00, 0xFF, 0xFF, 0x02, 0x00, 0x01, 0x00, 0xFC, 0xFF, 0x00, 0x00, 0x05, 0x00, 0xFF, 0xFF, 
0xFB, 0xFF, 0x02, 0x00, 0x04, 0x00, 0xFE, 0xFF, 0xFD, 0xFF, 0x01, 0x00, 0x02, 0x00, 0x00, 0x00, 
0xFF, 0xFF, 0xFF, 0xFF, 0x01, 0x00, 0x02, 0x00, 0xFE, 0xFF, 0xFE, 0xFF, 0x03, 0x00, 0x01, 0x00, 
0xFD, 0xFF, 0x00, 0x00, 0x03, 0x00, 0xFF, 0xFF, 0xFD, 0xFF, 0x02, 0x00, 0x02, 0x00, 0xFE, 0xFF, 
0xFF, 0xFF, 0x01, 0x00, 0x01, 0x00, 0x00, 0x00, 0xFF, 0xFF, 0xFF, 0xFF, 0x01, 0x00, 0x02, 0x00, 
0xFE, 0xFF, 0xFE, 0xFF, 0xFC, 0xFF, 0xFB, 0xFF, 0xFF, 0xFF, 0xFF, 0xFF, 0xFA, 0xFF, 0xFB, 0xFF, 
0xFF, 0xFF, 0xFF, 0xFF, 0xFB, 0xFF, 0xF9, 0xFF, 0xFF, 0xFF, 0x01, 0x00, 0xFA, 0xFF, 0xF8, 0xFF, 
0x01, 0x00, 0x03, 0x00, 0xF8, 0xFF, 0xF7, 0xFF, 0xFB, 0xFF, 0xFA, 0xFF, 0xFF, 0xFF, 0x00, 0x00, 
0xFA, 0xFF, 0xFA, 0xFF, 0x00, 0x00, 0x00, 0x00, 0xF9, 0xFF, 0xFA, 0xFF, 0xFB, 0xFF, 0xF8, 0xFF, 
0xF8, 0xFF, 0xFB, 0xFF, 0x01, 0x00, 0xFF, 0xFF, 0xF9, 0xFF, 0xFB, 0xFF, 0xFF, 0xFF, 0xFE, 0xFF, 
0xFC, 0xFF, 0xFB, 0xFF, 0xFD, 0xFF, 0x00, 0x00, 0xFC, 0xFF, 0xF9, 0xFF, 0xFE, 0xFF, 0x01, 0x00, 
0x01, 0x00, 0xFE, 0xFF, 0x00, 0x00, 0x01, 0x00, 0xFF, 0xFF, 0x00, 0x00, 0x01, 0x00, 0x00, 0x00, 
0xFF, 0xFF, 0x00, 0x00, 0xFB, 0xFF, 0xFA, 0xFF, 0xFF, 0xFF, 0xFF, 0xFF, 0xF9, 0xFF, 0xFA, 0xFF, 
0xFB, 0xFF, 0xF9, 0xFF, 0xF8, 0xFF, 0xFB, 0xFF, 0xFB, 0xFF, 0xF8, 0xFF, 0xF9, 0xFF, 0xFB, 0xFF, 
0xFA, 0xFF, 0xF9, 0xFF, 0xF8, 0xFF, 0xF9, 0xFF, 0xFB, 0xFF, 0xFB, 0xFF, 0xF8, 0xFF, 0xF7, 0xFF, 
0xFC, 0xFF, 0xFE, 0xFF, 0xF7, 0xFF, 0xF4, 0xFF, 0xFC, 0xFF, 0x00, 0x00, 0xF7, 0xFF, 0xF3, 0xFF, 
0xFC, 0xFF, 0xFF, 0xFF, 0xF7, 0xFF, 0xF5, 0xFF, 0xFC, 0xFF, 0xFD, 0xFF, 0xFE, 0xFF, 0xFE, 0xFF, 
0xFB, 0xFF, 0xFB, 0xFF, 0xF9, 0xFF, 0xF8, 0xFF, 0xFA, 0xFF, 0xFB, 0xFF, 0xF9, 0xFF, 0xF8, 0xFF, 
0xFA, 0xFF, 0xFB, 0xFF, 0xF9, 0xFF, 0xF9, 0xFF, 0xFA, 0xFF, 0xF8, 0xFF, 0xF9, 0xFF, 0xFC, 0xFF, 
0xFB, 0xFF, 0xF9, 0xFF, 0xF8, 0xFF, 0xF8, 0xFF, 0xFB, 0xFF, 0xFD, 0xFF, 0xF9, 0xFF, 0xF4, 0xFF, 
0xF8, 0xFF, 0xFF, 0xFF, 0xFC, 0xFF, 0xF7, 0xFF, 0xF8, 0xFF, 0xF9, 0xFF, 0xFB, 0xFF, 0xFD, 0xFF, 
0xF8, 0xFF, 0xF4, 0xFF, 0xFB, 0xFF, 0xFF, 0xFF, 0xF8, 0xFF, 0xF6, 0xFF, 0xFB, 0xFF, 0xFB, 0xFF, 
0xF9, 0xFF, 0xF9, 0xFF, 0xFA, 0xFF, 0xFA, 0xFF, 0xF9, 0xFF, 0xF9, 0xFF, 0x01, 0x00, 0x01, 0x00, 
0xF8, 0xFF, 0xF9, 0xFF, 0x01, 0x00, 0x00, 0x00, 0x00, 0x00, 0xFF, 0xFF, 0x00, 0x00, 0x01, 0x00, 
0x00, 0x00, 0x00, 0x00, 0x00, 0x00, 0xFF, 0xFF, 0x00, 0x00, 0x03, 0x00, 0xF9, 0xFF, 0xF6, 0xFF, 
0x01, 0x00, 0x02, 0x00, 0xFF, 0xFF, 0xFF, 0xFF, 0x01, 0x00, 0x00, 0x00, 0x00, 0x00, 0x01, 0x00, 
0xFF, 0xFF, 0x00, 0x00, 0x02, 0x00, 0x00, 0x00, 0xFD, 0xFF, 0xFF, 0xFF, 0x04, 0x00, 0x01, 0x00, 
0xFB, 0xFF, 0xFE, 0xFF, 0x05, 0x00, 0x04, 0x00, 0xFC, 0xFF, 0xFB, 0xFF, 0x03, 0x00, 0x04, 0x00, 
0xFE, 0xFF, 0xFD, 0xFF, 0x01, 0x00, 0x01, 0x00, 0xFF, 0xFF, 0x01, 0x00, 0x01, 0x00, 0xFF, 0xFF, 
0x00, 0x00, 0x00, 0x00, 0xFF, 0xFF, 0x00, 0x00, 0x01, 0x00, 0xFF, 0xFF, 0xFF, 0xFF, 0x02, 0x00, 
0x01, 0x00, 0xFE, 0xFF, 0xFF, 0xFF, 0x03, 0x00, 0x02, 0x00, 0xFC, 0xFF, 0xFD, 0xFF, 0x04, 0x00, 
0x04, 0x00, 0xFC, 0xFF, 0xFB, 0xFF, 0x03, 0x00, 0x04, 0x00, 0xFF, 0xFF, 0xFD, 0xFF, 0x00, 0x00, 
0x03, 0x00, 0x01, 0x00, 0xFE, 0xFF, 0xFE, 0xFF, 0x01, 0x00, 0x02, 0x00, 0xFF, 0xFF, 0xFF, 0xFF, 
0x00, 0x00, 0x01, 0x00, 0x01, 0x00, 0xFF, 0xFF, 0xFF, 0xFF, 0x01, 0x00, 0x01, 0x00, 0xFF, 0xFF, 
0x00, 0x00, 0x01, 0x00, 0xFF, 0xFF, 0xFF, 0xFF, 0x01, 0x00, 0x01, 0x00, 0xFF, 0xFF, 0xFF, 0xFF, 
0x01, 0x00, 0x01, 0x00, 0xFF, 0xFF, 0xFF, 0xFF, 0x01, 0x00, 0x00, 0x00, 0xFF, 0xFF, 0x01, 0x00, 
0x01, 0x00, 0xFF, 0xFF, 0xFF, 0xFF, 0x00, 0x00, 0x00, 0x00, 0x01, 0x00, 0x01, 0x00, 0xFF, 0xFF, 
0xFE, 0xFF, 0x00, 0x00, 0x03, 0x00, 0x02, 0x00, 0xFC, 0xFF, 0xFC, 0xFF, 0x04, 0x00, 0x04, 0x00, 
0xFC, 0xFF, 0xFD, 0xFF, 0xFD, 0xFF, 0xFC, 0xFF, 0xF7, 0xFF, 0xF8, 0xFF, 0xFB, 0xFF, 0xFA, 0xFF, 
0xFA, 0xFF, 0xFA, 0xFF, 0xFE, 0xFF, 0xFF, 0xFF, 0xFC, 0xFF, 0xFB, 0xFF, 0xFE, 0xFF, 0xFF, 0xFF, 
0xFB, 0xFF, 0xFA, 0xFF, 0xF9, 0xFF, 0xFA, 0xFF, 0xFA, 0xFF, 0xF9, 0xFF, 0xF8, 0xFF, 0xFA, 0xFF, 
0xFC, 0xFF, 0xF9, 0xFF, 0xF8, 0xFF, 0xFA, 0xFF, 0xFA, 0xFF, 0xFA, 0xFF, 0xF9, 0xFF, 0xF9, 0xFF, 
0xFA, 0xFF, 0xF9, 0xFF, 0xF8, 0xFF, 0xFB, 0xFF, 0xFD, 0xFF, 0xF8, 0xFF, 0xF6, 0xFF, 0xFB, 0xFF, 
0xFD, 0xFF, 0xF8, 0xFF, 0xF6, 0xFF, 0xFB, 0xFF, 0xFC, 0xFF, 0xF8, 0xFF, 0xF9, 0xFF, 0xFB, 0xFF, 
0xFA, 0xFF, 0xF9, 0xFF, 0xF9, 0xFF, 0xF9, 0xFF, 0xFA, 0xFF, 0xFB, 0xFF, 0xF9, 0xFF, 0xF7, 0xFF, 
0xFA, 0xFF, 0xFD, 0xFF, 0xFA, 0xFF, 0xF6, 0xFF, 0xF9, 0xFF, 0xFD, 0xFF, 0xFA, 0xFF, 0xF7, 0xFF, 
0xF9, 0xFF, 0xFB, 0xFF, 0xFA, 0xFF, 0xF9, 0xFF, 0xF9, 0xFF, 0xF9, 0xFF, 0xFB, 0xFF, 0xFB, 0xFF, 
0xF8, 0xFF, 0xF9, 0xFF, 0xFB, 0xFF, 0xF9, 0xFF, 0xF8, 0xFF, 0xFB, 0xFF, 0xFB, 0xFF, 0xF7, 0xFF, 
0xF8, 0xFF, 0xFC, 0xFF, 0xFC, 0xFF, 0xF9, 0xFF, 0xF6, 0xFF, 0xF9, 0xFF, 0xFE, 0xFF, 0xFA, 0xFF, 
0xF6, 0xFF, 0xFA, 0xFF, 0xFB, 0xFF, 0xF8, 0xFF, 0x00, 0x00, 0x02, 0x00, 0xF8, 0xFF, 0xF8, 0xFF, 
0x02, 0x00, 0x01, 0x00, 0xF9, 0xFF, 0xF9, 0xFF, 0xFF, 0xFF, 0x01, 0x00, 0x02, 0x00, 0xFF, 0xFF, 
0xFE, 0xFF, 0x00, 0x00, 0x00, 0x00, 0x00, 0x00, 0x01, 0x00, 0x00, 0x00, 0xFF, 0xFF, 0x00, 0x00, 
0x01, 0x00, 0x01, 0x00, 0x00, 0x00, 0xFF, 0xFF, 0xFF, 0xFF, 0xFF, 0xFF, 0x00, 0x00, 0x02, 0x00, 
0x01, 0x00, 0xFE, 0xFF, 0xFF, 0xFF, 0x02, 0x00, 0x00, 0x00, 0xFE, 0xFF, 0x00, 0x00, 0x02, 0x00, 
0x01, 0x00, 0xFD, 0xFF, 0xFF, 0xFF, 0x04, 0x00, 0x00, 0x00, 0xFC, 0xFF, 0x00, 0x00, 0x03, 0x00, 
0x00, 0x00, 0xFE, 0xFF, 0x01, 0x00, 0x01, 0x00, 0xFF, 0xFF, 0x01, 0x00, 0x00, 0x00, 0xFD, 0xFF, 
0x00, 0x00, 0x04, 0x00, 0x00, 0x00, 0xFD, 0xFF, 0x00, 0x00, 0x01, 0x00, 0x00, 0x00, 0x01, 0x00, 
0x00, 0x00, 0xFE, 0xFF, 0x01, 0x00, 0x02, 0x00, 0xFD, 0xFF, 0xFF, 0xFF, 0x04, 0x00, 0x00, 0x00, 
0xFC, 0xFF, 0x00, 0x00, 0x04, 0x00, 0x00, 0x00, 0xFD, 0xFF, 0x01, 0x00, 0x01, 0x00, 0xFE, 0xFF, 
0x01, 0x00, 0x02, 0x00, 0xFE, 0xFF, 0xFF, 0xFF, 0x03, 0x00, 0x00, 0x00, 0xFD, 0xFF, 0x01, 0x00, 
0x02, 0x00, 0xFF, 0xFF, 0xFE, 0xFF, 0x01, 0x00, 0x02, 0x00, 0xFF, 0xFF, 0xFE, 0xFF, 0x01, 0x00, 
0x03, 0x00, 0xFE, 0xFF, 0xFC, 0xFF, 0x03, 0x00, 0x03, 0x00, 0xFE, 0xFF, 0xFE, 0xFF, 0x01, 0x00, 
0x01, 0x00, 0xFF, 0xFF, 0x01, 0x00, 0x01, 0x00, 0xFE, 0xFF, 0xFF, 0xFF, 0x01, 0x00, 0x02, 0x00, 
0x00, 0x00, 0xFD, 0xFF, 0xFF, 0xFF, 0x03, 0x00, 0x03, 0x00, 0xFE, 0xFF, 0xFD, 0xFF, 0x01, 0x00, 
0x02, 0x00, 0x00, 0x00, 0xFE, 0xFF, 0xFF, 0xFF, 0x02, 0x00, 0x02, 0x00, 0xFF, 0xFF, 0xFD, 0xFF, 
0x00, 0x00, 0x04, 0x00, 0x00, 0x00, 0xFC, 0xFF, 0x00, 0x00, 0x03, 0x00, 0x00, 0x00, 0xFE, 0xFF, 
0x01, 0x00, 0x01, 0x00, 0xFE, 0xFF, 0xFF, 0xFF, 0x02, 0x00, 0x01, 0x00, 0xFF, 0xFF, 0xFF, 0xFF, 
0xFF, 0xFF, 0x01, 0x00, 0x02, 0x00, 0x00, 0x00, 0xFE, 0xFF, 0xFE, 0xFF, 0x02, 0x00, 0x03, 0x00, 
0x00, 0x00, 0xFD, 0xFF, 0xFE, 0xFF, 0x02, 0x00, 0x02, 0x00, 0x00, 0x00, 0xFE, 0xFF, 0xFF, 0xFF, 
0x02, 0x00, 0x01, 0x00, 0xFF, 0xFF, 0xFF, 0xFF, 0x00, 0x00, 0x00, 0x00, 0x00, 0x00, 0x01, 0x00, 
0x00, 0x00, 0xFF, 0xFF, 0x00, 0x00, 0x00, 0x00, 0x00, 0x00, 0x01, 0x00, 0x00, 0x00, 0xFE, 0xFF, 
0x00, 0x00, 0x02, 0x00, 0xFA, 0xFF, 0xF8, 0xFF, 0xF9, 0xFF, 0xFA, 0xFF, 0xFA, 0xFF, 0xFA, 0xFF, 
0x00, 0x00, 0xFF, 0xFF, 0xFA, 0xFF, 0xFB, 0xFF, 0xFF, 0xFF, 0xFF, 0xFF, 0x01, 0x00, 0x00, 0x00, 
0xF9, 0xFF, 0xFA, 0xFF, 0x00, 0x00, 0xFF, 0xFF, 0xFA, 0xFF, 0xFB, 0xFF, 0x00, 0x00, 0x00, 0x00, 
0xF9, 0xFF, 0xF8, 0xFF, 0x01, 0x00, 0x02, 0x00, 0xFF, 0xFF, 0xFE, 0xFF, 0x00, 0x00, 0x01, 0x00, 
0x01, 0x00, 0x01, 0x00, 0xFF, 0xFF, 0xFE, 0xFF, 0x01, 0x00, 0x02, 0x00, 0xFF, 0xFF, 0xFE, 0xFF, 
0x01, 0x00, 0x02, 0x00, 0xFF, 0xFF, 0xFE, 0xFF, 0x01, 0x00, 0x02, 0x00, 0xFF, 0xFF, 0xFE, 0xFF, 
0x00, 0x00, 0x02, 0x00, 0x01, 0x00, 0xFE, 0xFF, 0xFF, 0xFF, 0x02, 0x00, 0x01, 0x00, 0xFE, 0xFF, 
0xFF, 0xFF, 0x02, 0x00, 0x01, 0x00, 0xFE, 0xFF, 0xFF, 0xFF, 0x01, 0x00, 0x01, 0x00, 0x00, 0x00, 
0xFE, 0xFF, 0xFF, 0xFF, 0x03, 0x00, 0x02, 0x00, 0xFD, 0xFF, 0xFE, 0xFF, 0x03, 0x00, 0x01, 0x00, 
0xFD, 0xFF, 0x00, 0x00, 0x01, 0x00, 0xFF, 0xFF, 0x01, 0x00, 0x01, 0x00, 0xFE, 0xFF, 0x00, 0x00, 
0x02, 0x00, 0xFF, 0xFF, 0xFF, 0xFF, 0x02, 0x00, 0x00, 0x00, 0xFD, 0xFF, 0x01, 0x00, 0x03, 0x00, 
0xFE, 0xFF, 0xFE, 0xFF, 0x02, 0x00, 0x00, 0x00, 0xFE, 0xFF, 0x01, 0x00, 0x03, 0x00, 0x00, 0x00, 
0xFD, 0xFF, 0xFF, 0xFF, 0x03, 0x00, 0x02, 0x00, 0xFD, 0xFF, 0xFD, 0xFF, 0x02, 0x00, 0x02, 0x00, 
0x00, 0x00, 0x00, 0x00, 0xFE, 0xFF, 0xFF, 0xFF, 0x04, 0x00, 0x01, 0x00, 0xFB, 0xFF, 0xFF, 0xFF, 
0x04, 0x00, 0x01, 0x00, 0xF7, 0xFF, 0xF9, 0xFF, 0x01, 0x00, 0x01, 0x00, 0x01, 0x00, 0xFE, 0xFF, 
0xF8, 0xFF, 0xFB, 0xFF, 0xFB, 0xFF, 0xF9, 0xFF, 0xFF, 0xFF, 0x01, 0x00, 0xFA, 0xFF, 0xF8, 0xFF, 
0x00, 0x00, 0x02, 0x00, 0xFA, 0xFF, 0xF8, 0xFF, 0xF8, 0xFF, 0xFA, 0xFF, 0xFC, 0xFF, 0xFA, 0xFF, 
0xF8, 0xFF, 0xF9, 0xFF, 0xFB, 0xFF, 0xFA, 0xFF, 0xF8, 0xFF, 0xFA, 0xFF, 0xFA, 0xFF, 0xF9, 0xFF, 
0xF9, 0xFF, 0xFA, 0xFF, 0xFC, 0xFF, 0xF9, 0xFF, 0xF7, 0xFF, 0xFA, 0xFF, 0x01, 0x00, 0x00, 0x00, 
0xF9, 0xFF, 0xFA, 0xFF, 0xFB, 0xFF, 0xF9, 0xFF, 0xF7, 0xFF, 0xFA, 0xFF, 0xFD, 0xFF, 0xF9, 0xFF, 
0xF6, 0xFF, 0xFA, 0xFF, 0xFC, 0xFF, 0xFA, 0xFF, 0xF9, 0xFF, 0xF8, 0xFF, 0xF8, 0xFF, 0xFC, 0xFF, 
0xFD, 0xFF, 0xF7, 0xFF, 0xF6, 0xFF, 0xFC, 0xFF, 0xFD, 0xFF, 0xF8, 0xFF, 0xF5, 0xFF, 0xFA, 0xFF, 
0xFE, 0xFF, 0xFA, 0xFF, 0xF7, 0xFF, 0xF9, 0xFF, 0xFB, 0xFF, 0xFA, 0xFF, 0xF9, 0xFF, 0xFA, 0xFF, 
0xF9, 0xFF, 0xF7, 0xFF, 0xFA, 0xFF, 0xFE, 0xFF, 0xFB, 0xFF, 0xF5, 0xFF, 0xF7, 0xFF, 0xFE, 0xFF, 
0xFC, 0xFF, 0xF5, 0xFF, 0xF8, 0xFF, 0xFD, 0xFF, 0xFA, 0xFF, 0xF7, 0xFF, 0xFA, 0xFF, 0xFC, 0xFF, 
0xF9, 0xFF, 0xF8, 0xFF, 0xFB, 0xFF, 0xFA, 0xFF, 0xF8, 0xFF, 0xFA, 0xFF, 0xFA, 0xFF, 0xF8, 0xFF, 
0xFA, 0xFF, 0xFB, 0xFF, 0xF9, 0xFF, 0xF9, 0xFF, 0xFB, 0xFF, 0xFA, 0xFF, 0xF8, 0xFF, 0xF9, 0xFF, 
0xFA, 0xFF, 0xFB, 0xFF, 0xFA, 0xFF, 0xF7, 0xFF, 0xF9, 0xFF, 0xFC, 0xFF, 0xFB, 0xFF, 0xF8, 0xFF, 
0xF8, 0xFF, 0xFA, 0xFF, 0xFA, 0xFF, 0xFA, 0xFF, 0xFA, 0xFF, 0xFA, 0xFF, 0xF9, 0xFF, 0xF8, 0xFF, 
0xFA, 0xFF, 0xFB, 0xFF, 0xF9, 0xFF, 0xF9, 0xFF, 0xFA, 0xFF, 0xF8, 0xFF, 0xFA, 0xFF, 0xFD, 0xFF, 
0xF9, 0xFF, 0xF6, 0xFF, 0xFA, 0xFF, 0xFC, 0xFF, 0xF9, 0xFF, 0xF9, 0xFF, 0xFA, 0xFF, 0xF8, 0xFF, 
0xF9, 0xFF, 0xFC, 0xFF, 0xFB, 0xFF, 0xF7, 0xFF, 0xF8, 0xFF, 0xFC, 0xFF, 0xFB, 0xFF, 0xF7, 0xFF, 
0xF8, 0xFF, 0xFD, 0xFF, 0xFB, 0xFF, 0xF6, 0xFF, 0xF8, 0xFF, 0xFC, 0xFF, 0xFB, 0xFF, 0xF8, 0xFF, 
0xF8, 0xFF, 0xFA, 0xFF, 0xFB, 0xFF, 0xFA, 0xFF, 0xF8, 0xFF, 0xFA, 0xFF, 0xFC, 0xFF, 0xF8, 0xFF, 
0xF7, 0xFF, 0xFA, 0xFF, 0xFB, 0xFF, 0xFB, 0xFF, 0xF9, 0xFF, 0xF7, 0xFF, 0xFA, 0xFF, 0xFE, 0xFF, 
0xFA, 0xFF, 0xF5, 0xFF, 0xF9, 0xFF, 0xFC, 0xFF, 0xF9, 0xFF, 0xF9, 0xFF, 0xFB, 0xFF, 0xFA, 0xFF, 
0xF9, 0xFF, 0xFA, 0xFF, 0xFA, 0xFF, 0xF9, 0xFF, 0xF8, 0xFF, 0xFA, 0xFF, 0xFB, 0xFF, 0xFA, 0xFF, 
0xF9, 0xFF, 0xF8, 0xFF, 0xFA, 0xFF, 0xFB, 0xFF, 0xFA, 0xFF, 0xF9, 0xFF, 0xF8, 0xFF, 0xF9, 0xFF, 
0xFA, 0xFF, 0xFB, 0xFF, 0x02, 0x00, 0xFE, 0xFF, 0xF6, 0xFF, 0xFC, 0xFF, 0xFD, 0xFF, 0xF7, 0xFF, 
0xF7, 0xFF, 0xFB, 0xFF, 0x01, 0x00, 0xFF, 0xFF, 0x00, 0x00, 0x01, 0x00, 0x00, 0x00, 0xFF, 0xFF, 
0xFF, 0xFF, 0x02, 0x00, 0x01, 0x00, 0xFE, 0xFF, 0x00, 0x00, 0x01, 0x00, 0xFF, 0xFF, 0xFF, 0xFF, 
0x02, 0x00, 0x01, 0x00, 0xFD, 0xFF, 0x00, 0x00, 0x03, 0x00, 0x00, 0x00, 0xFE, 0xFF, 0xFF, 0xFF, 
0x01, 0x00, 0x01, 0x00, 0x00, 0x00, 0x00, 0x00, 0xFF, 0xFF, 0x00, 0x00, 0x02, 0x00, 0x00, 0x00, 
0xFE, 0xFF, 0xFF, 0xFF, 0x01, 0x00, 0x02, 0x00, 0x00, 0x00, 0xFE, 0xFF, 0x00, 0x00, 0x01, 0x00, 
0x00, 0x00, 0x00, 0x00, 0x00, 0x00, 0xFF, 0xFF, 0x00, 0x00, 0x02, 0x00, 0x00, 0x00, 0xFD, 0xFF, 
0x00, 0x00, 0x03, 0x00, 0x00, 0x00, 0xFD, 0xFF, 0x00, 0x00, 0x03, 0x00, 0x00, 0x00, 0xFE, 0xFF, 
0xFA, 0xFF, 0xFB, 0xFF, 0xF8, 0xFF, 0xF8, 0xFF, 0x02, 0x00, 0x01, 0x00, 0xF8, 0xFF, 0xF9, 0xFF, 
0x01, 0x00, 0x01, 0x00, 0xF9, 0xFF, 0xF8, 0xFF, 0xFF, 0xFF, 0x03, 0x00, 0x02, 0x00, 0xFC, 0xFF, 
0xFD, 0xFF, 0x03, 0x00, 0x05, 0x00, 0xFF, 0xFF, 0xFA, 0xFF, 0xFF, 0xFF, 0x06, 0x00, 0x02, 0x00, 
0xFA, 0xFF, 0xFF, 0xFF, 0x05, 0x00, 0xFF, 0xFF, 0xFD, 0xFF, 0x02, 0x00, 0x02, 0x00, 0xFD, 0xFF, 
0xF8, 0xFF, 0xFE, 0xFF, 0x01, 0x00, 0xFC, 0xFF, 0xF9, 0xFF, 0xFC, 0xFF, 0xF9, 0xFF, 0xF8, 0xFF, 
0xFB, 0xFF, 0xF9, 0xFF, 0xFE, 0xFF, 0x04, 0x00, 0xFC, 0xFF, 0xF4, 0xFF, 0xFE, 0xFF, 0x05, 0x00, 
0xFA, 0xFF, 0xF6, 0xFF, 0xFA, 0xFF, 0xFB, 0xFF, 0xFA, 0xFF, 0xFA, 0xFF, 0xF8, 0xFF, 0xF8, 0xFF, 
0x03, 0x00, 0x01, 0x00, 0xFC, 0xFF, 0x00, 0x00, 0x03, 0x00, 0x00, 0x00, 0xFF, 0xFF, 0xFF, 0xFF, 
0xFF, 0xFF, 0x01, 0x00, 0x03, 0x00, 0x00, 0x00, 0xFC, 0xFF, 0xFF, 0xFF, 0x03, 0x00, 0xFB, 0xFF, 
0xF8, 0xFF, 0xF7, 0xFF, 0x01, 0x00, 0x02, 0x00, 0xF9, 0xFF, 0x00, 0x00, 0xFA, 0xFF, 0xF9, 0xFF, 
0xF8, 0xFF, 0xFA, 0xFF, 0xFC, 0xFF, 0xF8, 0xFF, 0xF7, 0xFF, 0xFB, 0xFF, 0xFC, 0xFF, 0x00, 0x00, 
0xF8, 0xFF, 0xF9, 0xFF, 0x00, 0x00, 0x01, 0x00, 0xFB, 0xFF, 0xF8, 0xFF, 0xFD, 0xFF, 0x01, 0x00, 
0xFE, 0xFF, 0x00, 0x00, 0xFC, 0xFF, 0x00, 0x00, 0x03, 0x00, 0xFF, 0xFF, 0xFE, 0xFF, 0x01, 0x00, 
0x01, 0x00, 0x00, 0x00, 0xF9, 0xFF, 0xF8, 0xFF, 0x01, 0x00, 0x03, 0x00, 0xF9, 0xFF, 0xFC, 0xFF, 
0xF9, 0xFF, 0xFD, 0xFF, 0xFB, 0xFF, 0xF7, 0xFF, 0xF7, 0xFF, 0x02, 0x00, 0xFD, 0xFF, 0xF8, 0xFF, 
0xFD, 0xFF, 0x02, 0x00, 0xFB, 0xFF, 0xFE, 0xFF, 0x00, 0x00, 0x01, 0x00, 0xFF, 0xFF, 0x00, 0x00, 
0x02, 0x00, 0xF8, 0xFF, 0xFD, 0xFF, 0x03, 0x00, 0x04, 0x00, 0xFD, 0xFF, 0xFC, 0xFF, 0x03, 0x00, 
0x03, 0x00, 0xFE, 0xFF, 0xFF, 0xFF, 0x00, 0x00, 0xFF, 0xFF, 0x01, 0x00, 0xFC, 0xFF, 0xF8, 0xFF, 
0xF7, 0xFF, 0xFC, 0xFF, 0x02, 0x00, 0xFE, 0xFF, 0xF9, 0xFF, 0xFA, 0xFF, 0xFF, 0xFF, 0x01, 0x00, 
0x02, 0x00, 0xFE, 0xFF, 0xFE, 0xFF, 0x02, 0x00, 0x01, 0x00, 0xF9, 0xFF, 0x01, 0x00, 0xFF, 0xFF, 
0xFC, 0xFF, 0xFB, 0xFF, 0x06, 0x00, 0xFF, 0xFF, 0xF4, 0xFF, 0xFA, 0xFF, 0x04, 0x00, 0x00, 0x00, 
0xFD, 0xFF, 0x00, 0x00, 0x02, 0x00, 0xFF, 0xFF, 0xFF, 0xFF, 0x02, 0x00, 0x01, 0x00, 0xFE, 0xFF, 
0xFF, 0xFF, 0x01, 0x00, 0xFA, 0xFF, 0x00, 0x00, 0x00, 0x00, 0xFF, 0xFF, 0x01, 0x00, 0xFB, 0xFF, 
0xF8, 0xFF, 0xFF, 0xFF, 0x01, 0x00, 0xFB, 0xFF, 0x00, 0x00, 0xFE, 0xFF, 0xFF, 0xFF, 0xFB, 0xFF, 
0x01, 0x00, 0x00, 0x00, 0xF9, 0xFF, 0xF9, 0xFF, 0xFA, 0xFF, 0x02, 0x00, 0xFF, 0xFF, 0xFE, 0xFF, 
0x01, 0x00, 0x01, 0x00, 0xF9, 0xFF, 0xF9, 0xFF, 0x00, 0x00, 0x01, 0x00, 0xFA, 0xFF, 0xF8, 0xFF, 
0xF8, 0xFF, 0xFD, 0xFF, 0xFD, 0xFF, 0xF5, 0xFF, 0xF5, 0xFF, 0x04, 0x00, 0x05, 0x00, 0xFC, 0xFF, 
0xF4, 0xFF, 0x04, 0x00, 0xFE, 0xFF, 0xF7, 0xFF, 0xF8, 0xFF, 0x01, 0x00, 0xFA, 0xFF, 0xF9, 0xFF, 
0xF9, 0xFF, 0xFA, 0xFF, 0x00, 0x00, 0xF9, 0xFF, 0xF9, 0xFF, 0x02, 0x00, 0xFB, 0xFF, 0xF6, 0xFF, 
0xF9, 0xFF, 0x04, 0x00, 0xF9, 0xFF, 0xF6, 0xFF, 0xFA, 0xFF, 0xFC, 0xFF, 0xFA, 0xFF, 0xF8, 0xFF, 
0xFF, 0xFF, 0xFA, 0xFF, 0xFC, 0xFF, 0xFA, 0xFF, 0xF6, 0xFF, 0xFA, 0xFF, 0x03, 0x00, 0xFE, 0xFF, 
0xF8, 0xFF, 0xFB, 0xFF, 0xFA, 0xFF, 0xF9, 0xFF, 0xFA, 0xFF, 0xFA, 0xFF, 0xFF, 0xFF, 0x01, 0x00, 
0xFB, 0xFF, 0xF8, 0xFF, 0xFF, 0xFF, 0x00, 0x00, 0xFA, 0xFF, 0xFB, 0xFF, 0xFF, 0xFF, 0xF7, 0xFF, 
0xFB, 0xFF, 0xFE, 0xFF, 0xFF, 0xFF, 0xF5, 0xFF, 0xFA, 0xFF, 0xFC, 0xFF, 0xFA, 0xFF, 0xF9, 0xFF, 
0xFF, 0xFF, 0xFF, 0xFF, 0xFB, 0xFF, 0xFC, 0xFF, 0xFF, 0xFF, 0xF7, 0xFF, 0xF9, 0xFF, 0xFB, 0xFF, 
0x02, 0x00, 0x00, 0x00, 0xF7, 0xFF, 0xFF, 0xFF, 0xFD, 0xFF, 0xFB, 0xFF, 0xFC, 0xFF, 0xFF, 0xFF, 
0xFC, 0xFF, 0x01, 0x00, 0xFF, 0xFF, 0x00, 0x00, 0xFB, 0xFF, 0xF8, 0xFF, 0xFE, 0xFF, 0x02, 0x00, 
0x02, 0x00, 0xFF, 0xFF, 0xF7, 0xFF, 0x00, 0x00, 0x02, 0x00, 0x01, 0x00, 0xF9, 0xFF, 0xF8, 0xFF, 
0x00, 0x00, 0x02, 0x00, 0x00, 0x00, 0xF8, 0xFF, 0xFA, 0xFF, 0x00, 0x00, 0xFF, 0xFF, 0xFB, 0xFF, 
0x01, 0x00, 0xFE, 0xFF, 0xFE, 0xFF, 0x03, 0x00, 0x03, 0x00, 0xFD, 0xFF, 0xFD, 0xFF, 0x02, 0x00, 
0x03, 0x00, 0xF8, 0xFF, 0xFE, 0xFF, 0x01, 0x00, 0xFA, 0xFF, 0xF9, 0xFF, 0x00, 0x00, 0x00, 0x00, 
0xFA, 0xFF, 0xFB, 0xFF, 0x00, 0x00, 0xFD, 0xFF, 0x00, 0x00, 0x03, 0x00, 0x00, 0x00, 0xFD, 0xFF, 
0xFA, 0xFF, 0xFC, 0xFF, 0xFF, 0xFF, 0x00, 0x00, 0xFB, 0xFF, 0xFE, 0xFF, 0xFF, 0xFF, 0xFC, 0xFF, 
0xF9, 0xFF, 0xFD, 0xFF, 0x02, 0x00, 0xFD, 0xFF, 0xF8, 0xFF, 0xFD, 0xFF, 0x00, 0x00, 0xFD, 0xFF, 
0xFB, 0xFF, 0xFD, 0xFF, 0xFD, 0xFF, 0xFC, 0xFF, 0xFD, 0xFF, 0xFD, 0xFF, 0xFE, 0xFF, 0xFD, 0xFF, 
0x00, 0x00, 0xFE, 0xFF, 0x01, 0x00, 0x01, 0x00, 0xFE, 0xFF, 0xFF, 0xFF, 0xFC, 0xFF, 0x00, 0x00, 
0xF8, 0xFF, 0xFA, 0xFF, 0x00, 0x00, 0x00, 0x00, 0x01, 0x00, 0x01, 0x00, 0xFF, 0xFF, 0xF7, 0xFF, 
0x00, 0x00, 0x03, 0x00, 0xFA, 0xFF, 0xF7, 0xFF, 0xFF, 0xFF, 0x01, 0x00, 0xFB, 0xFF, 0xFA, 0xFF, 
0xFF, 0xFF, 0xFF, 0xFF, 0xFA, 0xFF, 0xFB, 0xFF, 0xFF, 0xFF, 0xFE, 0xFF, 0xFA, 0xFF, 0xFC, 0xFF, 
0x01, 0x00, 0xFE, 0xFF, 0xFE, 0xFF, 0xFA, 0xFF, 0xFD, 0xFF, 0xFB, 0xFF, 0xFC, 0xFF, 0xFD, 0xFF, 
0xFC, 0xFF, 0xFD, 0xFF, 0xFF, 0xFF, 0xFE, 0xFF, 0x01, 0x00, 0x01, 0x00, 0xF9, 0xFF, 0xFF, 0xFF, 
0x00, 0x00, 0xFB, 0xFF, 0x00, 0x00, 0xFF, 0xFF, 0xF9, 0xFF, 0xF9, 0xFF, 0x01, 0x00, 0x02, 0x00, 
0xF8, 0xFF, 0xFD, 0xFF, 0x02, 0x00, 0xFD, 0xFF, 0xF8, 0xFF, 0xFE, 0xFF, 0x01, 0x00, 0xFA, 0xFF, 
0xFF, 0xFF, 0x00, 0x00, 0x01, 0x00, 0xF9, 0xFF, 0x00, 0x00, 0x01, 0x00, 0xFF, 0xFF, 0xF9, 0xFF, 
0x02, 0x00, 0x00, 0x00, 0xF6, 0xFF, 0xFA, 0xFF, 0x04, 0x00, 0xFF, 0xFF, 0xF7, 0xFF, 0x01, 0x00, 
0x01, 0x00, 0xF8, 0xFF, 0xFB, 0xFF, 0x02, 0x00, 0xFD, 0xFF, 0xF8, 0xFF, 0xFD, 0xFF, 0x01, 0x00, 
0xF6, 0xFF, 0xF9, 0xFF, 0x04, 0x00, 0xFF, 0xFF, 0xF6, 0xFF, 0x02, 0x00, 0x03, 0x00, 0xFF, 0xFF, 
0xFD, 0xFF, 0xF9, 0xFF, 0xFD, 0xFF, 0x02, 0x00, 0xFE, 0xFF, 0xF7, 0xFF, 0x00, 0x00, 0x02, 0x00, 
0x01, 0x00, 0xFE, 0xFF, 0xF8, 0xFF, 0xFB, 0xFF, 0x02, 0x00, 0x00, 0x00, 0xF8, 0xFF, 0xF9, 0xFF, 
0x01, 0x00, 0x00, 0x00, 0xF8, 0xFF, 0xF9, 0xFF, 0x03, 0x00, 0x00, 0x00, 0xF6, 0xFF, 0x02, 0x00, 
0x04, 0x00, 0xFD, 0xFF, 0xFC, 0xFF, 0xFC, 0xFF, 0xFC, 0xFF, 0xFF, 0xFF, 0xFF, 0xFF, 0xF9, 0xFF, 
0xFA, 0xFF, 0x02, 0x00, 0x00, 0x00, 0xFD, 0xFF, 0xFA, 0xFF, 0xFD, 0xFF, 0xFF, 0xFF, 0xFE, 0xFF, 
0x00, 0x00, 0xFA, 0xFF, 0xFC, 0xFF, 0x01, 0x00, 0xFB, 0xFF, 0xF7, 0xFF, 0xFF, 0xFF, 0x02, 0x00, 
0xFC, 0xFF, 0x01, 0x00, 0xFB, 0xFF, 0xF7, 0xFF, 0x02, 0x00, 0x02, 0x00, 0xF5, 0xFF, 0xFF, 0xFF, 
0x05, 0x00, 0xF9, 0xFF, 0xF5, 0xFF, 0x02, 0x00, 0x04, 0x00, 0xFE, 0xFF, 0xF7, 0xFF, 0x02, 0x00, 
0x01, 0x00, 0xF7, 0xFF, 0xF9, 0xFF, 0x03, 0x00, 0x01, 0x00, 0xF6, 0xFF, 0xF8, 0xFF, 0x04, 0x00, 
0x02, 0x00, 0xFD, 0xFF, 0xF8, 0xFF, 0xFB, 0xFF, 0x00, 0x00, 0x00, 0x00, 0xFB, 0xFF, 0xF8, 0xFF, 
0xFE, 0xFF, 0x03, 0x00, 0x02, 0x00, 0xF6, 0xFF, 0xF8, 0xFF, 0x04, 0x00, 0x02, 0x00, 0xF5, 0xFF, 
0xFD, 0xFF, 0x04, 0x00, 0xFD, 0xFF, 0xF6, 0xFF, 0xFD, 0xFF, 0x03, 0x00, 0xFC, 0xFF, 0xFF, 0xFF, 
0xFE, 0xFF, 0xF9, 0xFF, 0xFB, 0xFF, 0x01, 0x00, 0xFF, 0xFF, 0xF7, 0xFF, 0xFA, 0xFF, 0x04, 0x00, 
0x00, 0x00, 0xFC, 0xFF, 0xF9, 0xFF, 0x04, 0x00, 0x01, 0x00, 0xF6, 0xFF, 0xFF, 0xFF, 0x03, 0x00, 
0x01, 0x00, 0xF7, 0xFF, 0xF9, 0xFF, 0x03, 0x00, 0xFF, 0xFF, 0xFC, 0xFF, 0xFC, 0xFF, 0xFE, 0xFF, 
0xFD, 0xFF, 0xFC, 0xFF, 0xFD, 0xFF, 0xFD, 0xFF, 0xFC, 0xFF, 0xFE, 0xFF, 0xFD, 0xFF, 0xFA, 0xFF, 
0xFE, 0xFF, 0x01, 0x00, 0x01, 0x00, 0xF8, 0xFF, 0xFA, 0xFF, 0x00, 0x00, 0xFD, 0xFF, 0xFB, 0xFF, 
0x04, 0x00, 0xFE, 0xFF, 0xFD, 0xFF, 0xFD, 0xFF, 0x03, 0x00, 0xFC, 0xFF, 0xFD, 0xFF, 0xFD, 0xFF, 
0x02, 0x00, 0xFD, 0xFF, 0xFE, 0xFF, 0xFB, 0xFF, 0x02, 0x00, 0x00, 0x00, 0xF9, 0xFF, 0xFA, 0xFF, 
0xFF, 0xFF, 0xFF, 0xFF, 0xFB, 0xFF, 0xFB, 0xFF, 0xFE, 0xFF, 0xFE, 0xFF, 0x02, 0x00, 0x02, 0x00, 
0xFF, 0xFF, 0xF8, 0xFF, 0xFF, 0xFF, 0x01, 0x00, 0xFB, 0xFF, 0x00, 0x00, 0xFF, 0xFF, 0xF9, 0xFF, 
0xFA, 0xFF, 0x00, 0x00, 0x01, 0x00, 0xFB, 0xFF, 0xFD, 0xFF, 0xFE, 0xFF, 0xFD, 0xFF, 0xFC, 0xFF, 
0xFD, 0xFF, 0xFE, 0xFF, 0x03, 0x00, 0xFA, 0xFF, 0xF7, 0xFF, 0x01, 0x00, 0x01, 0x00, 0xFF, 0xFF, 
0xFA, 0xFF, 0xFA, 0xFF, 0xFF, 0xFF, 0x00, 0x00, 0x02, 0x00, 0x00, 0x00, 0xFD, 0xFF, 0xFA, 0xFF, 
0xFD, 0xFF, 0xFE, 0xFF, 0xFD, 0xFF, 0xFD, 0xFF, 0xFC, 0xFF, 0xFC, 0xFF, 0xFD, 0xFF, 0x04, 0x00, 
0xFD, 0xFF, 0xFD, 0xFF, 0xFD, 0xFF, 0x01, 0x00, 0x03, 0x00, 0x00, 0x00, 0xFD, 0xFF, 0x01, 0x00, 
0xFB, 0xFF, 0xF8, 0xFF, 0x00, 0x00, 0x01, 0x00, 0xF9, 0xFF, 0xF9, 0xFF, 0x01, 0x00, 0x00, 0x00, 
0xF8, 0xFF, 0xFA, 0xFF, 0x02, 0x00, 0xFF, 0xFF, 0xF8, 0xFF, 0xFB, 0xFF, 0xFB, 0xFF, 0xFF, 0xFF, 
0xFE, 0xFF, 0xFA, 0xFF, 0xFC, 0xFF, 0x00, 0x00, 0xFE, 0xFF, 0xFF, 0xFF, 0x02, 0x00, 0xFB, 0xFF, 
0xFE, 0xFF, 0xFF, 0xFF, 0x01, 0x00, 0x01, 0x00, 0x00, 0x00, 0xF9, 0xFF, 0x00, 0x00, 0x00, 0x00, 
0xFA, 0xFF, 0xFA, 0xFF, 0xFF, 0xFF, 0x00, 0x00, 0xFA, 0xFF, 0xF9, 0xFF, 0x00, 0x00, 0x01, 0x00, 
0x00, 0x00, 0xFF, 0xFF, 0xFB, 0xFF, 0xFB, 0xFF, 0xFC, 0xFF, 0xFF, 0xFF, 0xFF, 0xFF, 0xF9, 0xFF, 
0xFB, 0xFF, 0x01, 0x00, 0xFD, 0xFF, 0xFA, 0xFF, 0xFF, 0xFF, 0xFF, 0xFF, 0xFF, 0xFF, 0x01, 0x00, 
0x02, 0x00, 0xFF, 0xFF, 0xFE, 0xFF, 0x00, 0x00, 0xFB, 0xFF, 0x02, 0x00, 0xFF, 0xFF, 0xFD, 0xFF, 
0xFA, 0xFF, 0xFD, 0xFF, 0x01, 0x00, 0xFD, 0xFF, 0xF7, 0xFF, 0xFB, 0xFF, 0x03, 0x00, 0x00, 0x00, 
0xF6, 0xFF, 0xF9, 0xFF, 0x03, 0x00, 0x01, 0x00, 0xF8, 0xFF, 0x00, 0x00, 0x01, 0x00, 0xFF, 0xFF, 
0xF9, 0xFF, 0x01, 0x00, 0x00, 0x00, 0x00, 0x00, 0xF9, 0xFF, 0xFF, 0xFF, 0x01, 0x00, 0x02, 0x00, 
0xF9, 0xFF, 0xFE, 0xFF, 0x00, 0x00, 0x01, 0x00, 0xFA, 0xFF, 0x00, 0x00, 0x00, 0x00, 0xF9, 0xFF, 
0xF9, 0xFF, 0x01, 0x00, 0x00, 0x00, 0xF8, 0xFF, 0xFA, 0xFF, 0x02, 0x00, 0xFF, 0xFF, 0xF7, 0xFF, 
0xFC, 0xFF, 0x03, 0x00, 0xFD, 0xFF, 0xFD, 0xFF, 0x02, 0x00, 0xFC, 0xFF, 0xFE, 0xFF, 0xFE, 0xFF, 
0x03, 0x00, 0xFB, 0xFF, 0xFD, 0xFF, 0xFF, 0xFF, 0x03, 0x00, 0xFA, 0xFF, 0xFC, 0xFF, 0xFF, 0xFF, 
0x04, 0x00, 0x02, 0x00, 0xFD, 0xFF, 0xF7, 0xFF, 0x02, 0x00, 0x03, 0x00, 0xFF, 0xFF, 0xF6, 0xFF, 
0x00, 0x00, 0xFD, 0xFF, 0x00, 0x00, 0xFD, 0xFF, 0xF9, 0xFF, 0xFC, 0xFF, 0x02, 0x00, 0xFF, 0xFF, 
0xF7, 0xFF, 0xFF, 0xFF, 0x02, 0x00, 0x03, 0x00, 0xFE, 0xFF, 0xFC, 0xFF, 0xFB, 0xFF, 0x03, 0x00, 
0x00, 0x00, 0xFF, 0xFF, 0xF8, 0xFF, 0xF9, 0xFF, 0x03, 0x00, 0x02, 0x00, 0xF5, 0xFF, 0xF7, 0xFF, 
0x05, 0x00, 0x01, 0x00, 0xFC, 0xFF, 0x01, 0x00, 0x02, 0x00, 0xF8, 0xFF, 0x00, 0x00, 0x02, 0x00, 
0xF8, 0xFF, 0xFD, 0xFF, 0x02, 0x00, 0xFD, 0xFF, 0xF9, 0xFF, 0xFE, 0xFF, 0xFF, 0xFF, 0x01, 0x00, 
0xFC, 0xFF, 0xFF, 0xFF, 0xFD, 0xFF, 0x01, 0x00, 0xFC, 0xFF, 0xFE, 0xFF, 0xFF, 0xFF, 0xFD, 0xFF, 
0x01, 0x00, 0xFD, 0xFF, 0xF8, 0xFF, 0xFB, 0xFF, 0x02, 0x00, 0x00, 0x00, 0xF7, 0xFF, 0xF9, 0xFF, 
0x03, 0x00, 0x00, 0x00, 0xFD, 0xFF, 0xFA, 0xFF, 0x03, 0x00, 0xFF, 0xFF, 0xFE, 0xFF, 0xFA, 0xFF, 
0x00, 0x00, 0x01, 0x00, 0x01, 0x00, 0xF8, 0xFF, 0xF9, 0xFF, 0x01, 0x00, 0xFF, 0xFF, 0x00, 0x00, 
0xFC, 0xFF, 0xFF, 0xFF, 0xFE, 0xFF, 0xFB, 0xFF, 0xFA, 0xFF, 0xFF, 0xFF, 0x01, 0x00, 0xFA, 0xFF, 
0xFE, 0xFF, 0x00, 0x00, 0x01, 0x00, 0xFA, 0xFF, 0x01, 0x00, 0xFF, 0xFF, 0xFE, 0xFF, 0xFB, 0xFF, 
0xFC, 0xFF, 0xFF, 0xFF, 0xFD, 0xFF, 0xF9, 0xFF, 0xFD, 0xFF, 0x01, 0x00, 0xFD, 0xFF, 0xF9, 0xFF, 
0xFC, 0xFF, 0x00, 0x00, 0xFF, 0xFF, 0x01, 0x00, 0xF9, 0xFF, 0xF8, 0xFF, 0x01, 0x00, 0x00, 0x00, 
0x00, 0x00, 0xFB, 0xFF, 0x00, 0x00, 0xFE, 0xFF, 0xFF, 0xFF, 0x03, 0x00, 0x4C, 0x49, 0x53, 0x54, 
0x54, 0x00, 0x00, 0x00, 0x49, 0x4E, 0x46, 0x4F, 0x49, 0x53, 0x46, 0x54, 0x48, 0x00, 0x00, 0x00, 
0x4C, 0x41, 0x4D, 0x45, 0x20, 0x36, 0x34, 0x62, 0x69, 0x74, 0x73, 0x20, 0x76, 0x65, 0x72, 0x73, 
0x69, 0x6F, 0x6E, 0x20, 0x33, 0x2E, 0x39, 0x38, 0x2E, 0x32, 0x20, 0x28, 0x68, 0x74, 0x74, 0x70, 
0x3A, 0x2F, 0x2F, 0x77, 0x77, 0x77, 0x2E, 0x6D, 0x70, 0x33, 0x64, 0x65, 0x76, 0x2E, 0x6F, 0x72, 
0x67, 0x2F, 0x29, 0x20, 0x28, 0x6C, 0x69, 0x62, 0x73, 0x6E, 0x64, 0x66, 0x69, 0x6C, 0x65, 0x2D, 
0x31, 0x2E, 0x30, 0x2E, 0x33, 0x31, 0x29, 0x00, 0x69, 0x64, 0x33, 0x20, 0x52, 0x00, 0x00, 0x00, 
0x49, 0x44, 0x33, 0x03, 0x00, 0x00, 0x00, 0x00, 0x00, 0x47, 0x54, 0x58, 0x58, 0x58, 0x00, 0x00, 
0x00, 0x3D, 0x00, 0x00, 0x00, 0x53, 0x6F, 0x66, 0x74, 0x77, 0x61, 0x72, 0x65, 0x00, 0x4C, 0x41, 
0x4D, 0x45, 0x20, 0x36, 0x34, 0x62, 0x69, 0x74, 0x73, 0x20, 0x76, 0x65, 0x72, 0x73, 0x69, 0x6F, 
0x6E, 0x20, 0x33, 0x2E, 0x39, 0x38, 0x2E, 0x32, 0x20, 0x28, 0x68, 0x74, 0x74, 0x70, 0x3A, 0x2F, 
0x2F, 0x77, 0x77, 0x77, 0x2E, 0x6D, 0x70, 0x33, 0x64, 0x65, 0x76, 0x2E, 0x6F, 0x72, 0x67, 0x2F, 
0x29, 0x00
};